<TICKER>,<PER>,<DATE>,<TIME>,<OPEN>,<HIGH>,<LOW>,<CLOSE>,<VOL>
J2TX.FUTBRENTCONT,D,20200102,000000,66.4100000,66.5800000,65.7200000,66.3400000,131465
J2TX.FUTBRENTCONT,D,20200103,000000,66.2800000,69.5000000,66.2200000,68.7000000,298195
J2TX.FUTBRENTCONT,D,20200105,000000,69.3500000,69.9500000,69.2000000,69.5900000,4518
J2TX.FUTBRENTCONT,D,20200106,000000,69.5800000,70.7400000,68.2100000,68.5500000,214194
J2TX.FUTBRENTCONT,D,20200107,000000,68.6200000,68.7500000,67.6500000,68.5100000,178779
J2TX.FUTBRENTCONT,D,20200108,000000,71.2200000,71.7500000,64.9400000,65.7700000,335395
J2TX.FUTBRENTCONT,D,20200109,000000,66.0000000,66.1000000,64.5600000,65.3200000,208526
J2TX.FUTBRENTCONT,D,20200110,000000,65.2900000,65.6600000,64.8600000,65.1000000,162308
J2TX.FUTBRENTCONT,D,20200112,000000,65.1300000,65.1300000,64.7200000,64.8400000,923
J2TX.FUTBRENTCONT,D,20200113,000000,64.8400000,65.2700000,63.9200000,64.2300000,138828
J2TX.FUTBRENTCONT,D,20200114,000000,64.2900000,65.0500000,63.9200000,64.4600000,136330
J2TX.FUTBRENTCONT,D,20200115,000000,64.4400000,64.6000000,63.5500000,64.2700000,127365
J2TX.FUTBRENTCONT,D,20200116,000000,64.2600000,64.9700000,63.9000000,64.6700000,123352
J2TX.FUTBRENTCONT,D,20200117,000000,64.6900000,65.6000000,64.4800000,65.3500000,121635
J2TX.FUTBRENTCONT,D,20200119,000000,65.9800000,66.0000000,65.4500000,65.7200000,3509
J2TX.FUTBRENTCONT,D,20200120,000000,65.7300000,65.7900000,64.9200000,65.2200000,74983
J2TX.FUTBRENTCONT,D,20200121,000000,65.2600000,65.3500000,64.0600000,64.4900000,143190
J2TX.FUTBRENTCONT,D,20200122,000000,64.5700000,64.5800000,62.6200000,62.6600000,167880
J2TX.FUTBRENTCONT,D,20200123,000000,62.6800000,62.6900000,61.2500000,62.0700000,186674
J2TX.FUTBRENTCONT,D,20200124,000000,62.0100000,62.4600000,60.2500000,60.6500000,147861
J2TX.FUTBRENTCONT,D,20200126,000000,60.1600000,60.1600000,57.9100000,58.2600000,4725
J2TX.FUTBRENTCONT,D,20200127,000000,58.3000000,59.0100000,57.7400000,58.1500000,133166
J2TX.FUTBRENTCONT,D,20200128,000000,58.2400000,59.3900000,57.9000000,59.3000000,125427
J2TX.FUTBRENTCONT,D,20200129,000000,59.0200000,59.8400000,58.3800000,58.6800000,168619
J2TX.FUTBRENTCONT,D,20200130,000000,58.7100000,58.7500000,56.7400000,58.0900000,228830
J2TX.FUTBRENTCONT,D,20200131,000000,58.2000000,58.5800000,55.9300000,56.6600000,260418
J2TX.FUTBRENTCONT,D,20200202,000000,56.1600000,56.2700000,55.7700000,55.8900000,4640
J2TX.FUTBRENTCONT,D,20200203,000000,55.9000000,56.7700000,54.0800000,54.2000000,265659
J2TX.FUTBRENTCONT,D,20200204,000000,54.3300000,55.6500000,53.6900000,53.8300000,259434
J2TX.FUTBRENTCONT,D,20200205,000000,54.0500000,56.4600000,54.0500000,55.5800000,251495
J2TX.FUTBRENTCONT,D,20200206,000000,55.5600000,56.5800000,54.2500000,55.1200000,222097
J2TX.FUTBRENTCONT,D,20200207,000000,55.1400000,55.4000000,54.2100000,54.5000000,170539
J2TX.FUTBRENTCONT,D,20200209,000000,54.2000000,54.2400000,53.6300000,53.8400000,4406
J2TX.FUTBRENTCONT,D,20200210,000000,53.8300000,54.7100000,53.1100000,53.4000000,175144
J2TX.FUTBRENTCONT,D,20200211,000000,53.6200000,54.6900000,53.6000000,54.2500000,162349
J2TX.FUTBRENTCONT,D,20200212,000000,54.4100000,56.3600000,54.3900000,56.3600000,194996
J2TX.FUTBRENTCONT,D,20200213,000000,55.7500000,56.8300000,54.9600000,56.4600000,195007
J2TX.FUTBRENTCONT,D,20200214,000000,56.4100000,57.5300000,56.1500000,57.2400000,153684
J2TX.FUTBRENTCONT,D,20200216,000000,57.2900000,57.4500000,57.1900000,57.2600000,1131
J2TX.FUTBRENTCONT,D,20200217,000000,57.2500000,57.7000000,56.8300000,57.5400000,68320
J2TX.FUTBRENTCONT,D,20200218,000000,57.3500000,57.8300000,56.3000000,57.6800000,152038
J2TX.FUTBRENTCONT,D,20200219,000000,57.6000000,59.4000000,57.5100000,59.3400000,145934
J2TX.FUTBRENTCONT,D,20200220,000000,59.3100000,60.0000000,58.9000000,59.1300000,136294
J2TX.FUTBRENTCONT,D,20200221,000000,59.0000000,59.2500000,57.7300000,58.3600000,148938
J2TX.FUTBRENTCONT,D,20200223,000000,57.8500000,57.8600000,56.5600000,56.9200000,5709
J2TX.FUTBRENTCONT,D,20200224,000000,56.9300000,57.2100000,55.1300000,56.2100000,139188
J2TX.FUTBRENTCONT,D,20200225,000000,56.4600000,56.9800000,54.0100000,54.2700000,102404
J2TX.FUTBRENTCONT,D,20200226,000000,54.4100000,54.7800000,52.3900000,52.8600000,211562
J2TX.FUTBRENTCONT,D,20200227,000000,52.5400000,52.6500000,50.4000000,50.9500000,234562
J2TX.FUTBRENTCONT,D,20200228,000000,51.0800000,51.1400000,48.9400000,50.0900000,245414
J2TX.FUTBRENTCONT,D,20200301,000000,48.9500000,49.5100000,48.4000000,49.3700000,5195
J2TX.FUTBRENTCONT,D,20200302,000000,49.3900000,53.2000000,49.3200000,53.0600000,232860
J2TX.FUTBRENTCONT,D,20200303,000000,53.4700000,53.8700000,51.2200000,51.6000000,185851
J2TX.FUTBRENTCONT,D,20200304,000000,52.1100000,53.0300000,51.0400000,51.5100000,201074
J2TX.FUTBRENTCONT,D,20200305,000000,51.6600000,52.0400000,49.7000000,50.1800000,217736
J2TX.FUTBRENTCONT,D,20200306,000000,50.2500000,50.4500000,45.1800000,45.5000000,339322
J2TX.FUTBRENTCONT,D,20200308,000000,38.2800000,38.3400000,31.0200000,35.7300000,67691
J2TX.FUTBRENTCONT,D,20200309,000000,35.7200000,37.4100000,31.2700000,33.4200000,331598
J2TX.FUTBRENTCONT,D,20200310,000000,35.8400000,38.2200000,35.0000000,37.7800000,255422
J2TX.FUTBRENTCONT,D,20200311,000000,37.2700000,39.7000000,35.3600000,35.8400000,187183
J2TX.FUTBRENTCONT,D,20200312,000000,35.9900000,36.4600000,32.5000000,32.7600000,184776
J2TX.FUTBRENTCONT,D,20200313,000000,32.8500000,36.1300000,32.5000000,34.9700000,141645
J2TX.FUTBRENTCONT,D,20200315,000000,35.8200000,35.8400000,31.6300000,32.2400000,13014
J2TX.FUTBRENTCONT,D,20200316,000000,32.2400000,33.2800000,29.4500000,29.8400000,171216
J2TX.FUTBRENTCONT,D,20200317,000000,30.1400000,31.2500000,28.5000000,28.8500000,138508
J2TX.FUTBRENTCONT,D,20200318,000000,28.4000000,29.2100000,24.5200000,26.4200000,149635
J2TX.FUTBRENTCONT,D,20200319,000000,27.1900000,29.4200000,24.9600000,28.1000000,158107
J2TX.FUTBRENTCONT,D,20200320,000000,28.1000000,30.9400000,26.8100000,27.2100000,155058
J2TX.FUTBRENTCONT,D,20200322,000000,26.7500000,26.7500000,24.6800000,25.2900000,5180
J2TX.FUTBRENTCONT,D,20200323,000000,25.2900000,27.5400000,25.1200000,27.5200000,102569
J2TX.FUTBRENTCONT,D,20200324,000000,27.7200000,28.6500000,26.6900000,27.7100000,91110
J2TX.FUTBRENTCONT,D,20200325,000000,27.8000000,30.0500000,25.6800000,30.0500000,74492
J2TX.FUTBRENTCONT,D,20200326,000000,29.8200000,30.1900000,28.3400000,29.3100000,128667
J2TX.FUTBRENTCONT,D,20200327,000000,29.0600000,29.3300000,27.1800000,28.2500000,154247
J2TX.FUTBRENTCONT,D,20200329,000000,23.8500000,24.4400000,23.0300000,23.4800000,672
J2TX.FUTBRENTCONT,D,20200330,000000,23.5000000,26.4900000,21.6500000,26.4500000,22881
J2TX.FUTBRENTCONT,D,20200331,000000,26.4200000,27.9100000,25.6900000,25.9200000,188863
J2TX.FUTBRENTCONT,D,20200401,000000,25.9900000,26.2800000,24.5600000,25.6000000,193766
J2TX.FUTBRENTCONT,D,20200402,000000,25.6100000,35.7700000,25.4500000,29.6900000,268397
J2TX.FUTBRENTCONT,D,20200403,000000,29.8900000,35.0000000,28.2500000,34.6500000,366378
J2TX.FUTBRENTCONT,D,20200405,000000,31.7600000,32.2600000,30.0300000,31.8100000,7410
J2TX.FUTBRENTCONT,D,20200406,000000,31.8400000,34.2400000,31.6700000,33.2700000,174098
J2TX.FUTBRENTCONT,D,20200407,000000,33.6600000,34.1800000,31.7400000,32.4000000,173941
J2TX.FUTBRENTCONT,D,20200408,000000,32.6300000,33.8400000,31.5400000,33.6400000,192695
J2TX.FUTBRENTCONT,D,20200409,000000,33.8200000,36.3900000,31.2200000,32.0300000,270062
J2TX.FUTBRENTCONT,D,20200412,000000,33.9900000,33.9900000,31.1100000,31.4100000,6583
J2TX.FUTBRENTCONT,D,20200413,000000,31.4100000,33.2500000,30.6300000,31.8600000,121203
J2TX.FUTBRENTCONT,D,20200414,000000,32.2500000,32.3200000,29.3800000,30.0900000,166174
J2TX.FUTBRENTCONT,D,20200415,000000,30.2600000,30.3300000,27.1600000,28.0000000,175743
J2TX.FUTBRENTCONT,D,20200416,000000,28.0500000,29.0000000,27.2000000,28.5000000,161376
J2TX.FUTBRENTCONT,D,20200417,000000,28.6600000,28.9300000,27.5800000,28.2500000,166972
J2TX.FUTBRENTCONT,D,20200419,000000,28.0500000,28.1800000,27.7000000,27.9000000,1074
J2TX.FUTBRENTCONT,D,20200420,000000,27.8800000,28.2500000,25.3700000,26.1300000,237868
J2TX.FUTBRENTCONT,D,20200421,000000,26.3300000,26.5000000,17.5100000,19.5000000,419669
J2TX.FUTBRENTCONT,D,20200422,000000,20.2300000,22.4500000,15.9800000,20.8800000,222119
J2TX.FUTBRENTCONT,D,20200423,000000,20.8900000,23.2200000,20.0700000,21.6300000,142366
J2TX.FUTBRENTCONT,D,20200424,000000,21.9300000,22.7000000,20.5000000,21.8000000,100976
J2TX.FUTBRENTCONT,D,20200426,000000,24.8700000,25.0100000,24.5700000,24.8300000,1146
J2TX.FUTBRENTCONT,D,20200427,000000,24.8600000,25.1200000,22.5000000,23.0000000,148907
J2TX.FUTBRENTCONT,D,20200428,000000,22.8200000,23.7900000,21.9200000,23.1600000,186454
J2TX.FUTBRENTCONT,D,20200429,000000,22.9300000,25.2300000,22.7300000,24.4000000,196522
J2TX.FUTBRENTCONT,D,20200430,000000,24.5300000,27.0000000,24.4100000,26.6600000,233834
J2TX.FUTBRENTCONT,D,20200501,000000,26.9500000,27.8800000,25.7600000,26.6000000,133649
J2TX.FUTBRENTCONT,D,20200503,000000,26.1000000,26.3300000,25.6100000,25.8300000,1363
J2TX.FUTBRENTCONT,D,20200504,000000,25.8500000,28.0800000,25.5000000,27.9700000,145701
J2TX.FUTBRENTCONT,D,20200505,000000,28.1000000,32.0600000,27.7700000,31.9800000,184559
J2TX.FUTBRENTCONT,D,20200506,000000,32.2700000,32.2700000,28.6600000,29.8400000,198577
J2TX.FUTBRENTCONT,D,20200507,000000,29.6400000,31.8400000,29.0800000,29.3700000,169628
J2TX.FUTBRENTCONT,D,20200508,000000,29.6000000,31.1400000,29.4300000,30.8600000,97706
J2TX.FUTBRENTCONT,D,20200510,000000,30.7000000,30.7500000,30.4500000,30.6200000,1392
J2TX.FUTBRENTCONT,D,20200511,000000,30.6500000,31.4700000,29.3500000,30.1800000,168610
J2TX.FUTBRENTCONT,D,20200512,000000,30.0700000,30.7000000,29.3500000,29.4700000,106061
J2TX.FUTBRENTCONT,D,20200513,000000,29.3500000,30.5500000,28.8600000,29.5000000,148292
J2TX.FUTBRENTCONT,D,20200514,000000,29.5200000,31.5500000,28.8800000,31.4500000,140969
J2TX.FUTBRENTCONT,D,20200515,000000,31.5200000,32.9100000,30.9400000,32.7400000,138637
J2TX.FUTBRENTCONT,D,20200517,000000,32.7800000,33.4900000,32.6900000,33.3400000,989
J2TX.FUTBRENTCONT,D,20200518,000000,33.3500000,35.7200000,33.3000000,35.5700000,156532
J2TX.FUTBRENTCONT,D,20200519,000000,35.6600000,35.7600000,34.2000000,34.5500000,116349
J2TX.FUTBRENTCONT,D,20200520,000000,34.4500000,36.4600000,34.3800000,35.8400000,120022
J2TX.FUTBRENTCONT,D,20200521,000000,35.8200000,36.9800000,35.7500000,35.9500000,106554
J2TX.FUTBRENTCONT,D,20200522,000000,36.1800000,36.2300000,33.5400000,35.1200000,110189
J2TX.FUTBRENTCONT,D,20200524,000000,34.9800000,35.1600000,34.4600000,34.7300000,755
J2TX.FUTBRENTCONT,D,20200525,000000,34.7200000,35.9700000,34.5000000,35.5800000,21145
J2TX.FUTBRENTCONT,D,20200526,000000,36.3000000,37.2400000,35.8300000,36.6600000,94510
J2TX.FUTBRENTCONT,D,20200527,000000,36.4900000,36.7100000,34.7000000,35.0100000,133386
J2TX.FUTBRENTCONT,D,20200528,000000,34.6300000,36.6300000,34.3500000,36.1900000,151755
J2TX.FUTBRENTCONT,D,20200529,000000,36.0300000,38.1700000,34.8400000,37.6100000,161078
J2TX.FUTBRENTCONT,D,20200531,000000,37.5600000,38.3100000,37.3300000,37.9800000,1759
J2TX.FUTBRENTCONT,D,20200601,000000,37.9900000,38.6800000,37.1800000,38.6100000,138761
J2TX.FUTBRENTCONT,D,20200602,000000,38.3400000,39.7500000,38.2600000,39.5800000,136908
J2TX.FUTBRENTCONT,D,20200603,000000,39.7500000,40.5300000,38.7600000,39.4500000,175830
J2TX.FUTBRENTCONT,D,20200604,000000,39.6000000,40.1000000,39.0400000,39.8900000,111320
J2TX.FUTBRENTCONT,D,20200605,000000,39.8400000,42.4800000,39.7200000,42.0700000,164821
J2TX.FUTBRENTCONT,D,20200607,000000,42.4000000,43.0300000,42.2500000,43.0300000,3902
J2TX.FUTBRENTCONT,D,20200608,000000,43.0000000,43.4100000,40.6800000,40.8000000,158081
J2TX.FUTBRENTCONT,D,20200609,000000,41.1000000,41.4500000,39.8500000,40.8700000,139450
J2TX.FUTBRENTCONT,D,20200610,000000,40.7200000,41.9900000,40.1400000,41.3600000,138653
J2TX.FUTBRENTCONT,D,20200611,000000,40.9500000,41.0100000,37.8200000,38.3300000,195357
J2TX.FUTBRENTCONT,D,20200612,000000,37.8800000,39.4500000,37.0100000,39.0400000,151828
J2TX.FUTBRENTCONT,D,20200614,000000,38.8000000,38.8000000,38.0500000,38.3200000,2192
J2TX.FUTBRENTCONT,D,20200615,000000,38.3200000,39.9000000,37.2400000,39.8900000,143439
J2TX.FUTBRENTCONT,D,20200616,000000,39.9400000,41.6500000,38.9500000,40.7400000,169295
J2TX.FUTBRENTCONT,D,20200617,000000,40.6100000,41.4600000,40.0300000,40.5400000,113705
J2TX.FUTBRENTCONT,D,20200618,000000,40.4300000,41.6400000,40.0600000,41.4300000,104758
J2TX.FUTBRENTCONT,D,20200619,000000,41.7200000,42.9200000,41.0300000,41.9200000,134216
J2TX.FUTBRENTCONT,D,20200621,000000,41.7400000,42.3400000,41.5800000,42.2100000,1331
J2TX.FUTBRENTCONT,D,20200622,000000,42.2300000,43.1800000,41.8200000,43.0200000,89791
J2TX.FUTBRENTCONT,D,20200623,000000,43.2100000,43.9300000,42.2100000,42.4000000,98234
J2TX.FUTBRENTCONT,D,20200624,000000,42.4500000,42.8900000,39.6300000,40.3200000,107416
J2TX.FUTBRENTCONT,D,20200625,000000,40.3500000,41.6400000,39.4700000,41.4000000,92625
J2TX.FUTBRENTCONT,D,20200626,000000,41.4400000,41.8100000,40.2800000,40.6400000,97700
J2TX.FUTBRENTCONT,D,20200628,000000,40.5000000,40.5600000,40.2500000,40.4500000,1273
J2TX.FUTBRENTCONT,D,20200629,000000,40.4300000,42.0000000,40.0100000,41.8500000,132677
J2TX.FUTBRENTCONT,D,20200630,000000,41.7700000,41.9800000,40.9900000,41.6300000,151526
J2TX.FUTBRENTCONT,D,20200701,000000,41.5800000,42.6200000,41.0300000,42.0900000,162821
J2TX.FUTBRENTCONT,D,20200702,000000,41.8400000,43.2300000,41.7300000,42.9200000,136587
J2TX.FUTBRENTCONT,D,20200703,000000,42.7600000,42.9900000,42.3200000,42.7800000,58913
J2TX.FUTBRENTCONT,D,20200705,000000,42.7900000,43.1000000,42.7400000,43.0500000,777
J2TX.FUTBRENTCONT,D,20200706,000000,43.0600000,43.7100000,42.7400000,43.1200000,120757
J2TX.FUTBRENTCONT,D,20200707,000000,43.1300000,43.4500000,42.4600000,43.0100000,112893
J2TX.FUTBRENTCONT,D,20200708,000000,42.8100000,43.4700000,42.7500000,43.3700000,104182
J2TX.FUTBRENTCONT,D,20200709,000000,43.3000000,43.5000000,41.9400000,42.3500000,142120
J2TX.FUTBRENTCONT,D,20200710,000000,42.3600000,43.4200000,41.3200000,43.1700000,130937
J2TX.FUTBRENTCONT,D,20200712,000000,43.1200000,43.2100000,42.7000000,43.0400000,1771
J2TX.FUTBRENTCONT,D,20200713,000000,43.0500000,43.3400000,42.1400000,42.2100000,114285
J2TX.FUTBRENTCONT,D,20200714,000000,42.2400000,43.2200000,41.8000000,43.1100000,142594
J2TX.FUTBRENTCONT,D,20200715,000000,43.1100000,43.8500000,42.7000000,43.6400000,146228
J2TX.FUTBRENTCONT,D,20200716,000000,43.7100000,43.8000000,43.1400000,43.4000000,90338
J2TX.FUTBRENTCONT,D,20200717,000000,43.4000000,43.4500000,42.6400000,43.1000000,99868
J2TX.FUTBRENTCONT,D,20200719,000000,43.0800000,43.1500000,42.9900000,43.1000000,265
J2TX.FUTBRENTCONT,D,20200720,000000,43.1100000,43.4500000,42.3600000,43.1800000,106041
J2TX.FUTBRENTCONT,D,20200721,000000,43.1700000,44.8900000,43.1600000,43.9600000,137099
J2TX.FUTBRENTCONT,D,20200722,000000,44.0300000,44.4000000,43.6200000,44.2800000,110862
J2TX.FUTBRENTCONT,D,20200723,000000,44.1000000,44.7700000,43.1300000,43.3400000,114783
J2TX.FUTBRENTCONT,D,20200724,000000,43.2700000,43.9000000,42.7900000,43.4200000,95286
J2TX.FUTBRENTCONT,D,20200726,000000,43.8000000,43.8500000,43.4300000,43.4500000,789
J2TX.FUTBRENTCONT,D,20200727,000000,43.4300000,44.2000000,42.9300000,43.9500000,102536
J2TX.FUTBRENTCONT,D,20200728,000000,44.0300000,44.3400000,43.4000000,43.6500000,76336
J2TX.FUTBRENTCONT,D,20200729,000000,43.6900000,44.2900000,43.5600000,44.1000000,96136
J2TX.FUTBRENTCONT,D,20200730,000000,44.0200000,44.2200000,41.7200000,43.6000000,215357
J2TX.FUTBRENTCONT,D,20200731,000000,43.6800000,43.7900000,42.9200000,43.7100000,124651
J2TX.FUTBRENTCONT,D,20200802,000000,43.5300000,43.6900000,43.3800000,43.4000000,569
J2TX.FUTBRENTCONT,D,20200803,000000,43.4000000,44.4600000,42.8900000,43.8800000,138167
J2TX.FUTBRENTCONT,D,20200804,000000,43.8400000,44.8200000,43.2400000,44.3600000,151739
J2TX.FUTBRENTCONT,D,20200805,000000,44.2800000,46.2300000,44.2400000,45.3300000,179312
J2TX.FUTBRENTCONT,D,20200806,000000,45.3200000,45.7100000,44.8500000,45.1200000,117226
J2TX.FUTBRENTCONT,D,20200807,000000,45.1500000,45.3000000,44.2700000,44.6900000,117208
J2TX.FUTBRENTCONT,D,20200809,000000,44.6600000,44.8100000,44.3700000,44.6500000,681
J2TX.FUTBRENTCONT,D,20200810,000000,44.6500000,45.2600000,44.5800000,44.9600000,87491
J2TX.FUTBRENTCONT,D,20200811,000000,45.0500000,45.7900000,44.3900000,44.5400000,116327
J2TX.FUTBRENTCONT,D,20200812,000000,44.6200000,45.6300000,44.4900000,45.3200000,96279
J2TX.FUTBRENTCONT,D,20200813,000000,45.3200000,45.5800000,44.8200000,45.1200000,83956
J2TX.FUTBRENTCONT,D,20200814,000000,45.2900000,45.2900000,44.4700000,44.9500000,97667
J2TX.FUTBRENTCONT,D,20200816,000000,44.8600000,45.1700000,44.7700000,45.0800000,1038
J2TX.FUTBRENTCONT,D,20200817,000000,45.0800000,45.4100000,44.5300000,45.3100000,99241
J2TX.FUTBRENTCONT,D,20200818,000000,45.2700000,45.5500000,44.7600000,45.0100000,113706
J2TX.FUTBRENTCONT,D,20200819,000000,45.1700000,45.4800000,44.8100000,45.2100000,99159
J2TX.FUTBRENTCONT,D,20200820,000000,45.1400000,45.1800000,44.0200000,44.8500000,143731
J2TX.FUTBRENTCONT,D,20200821,000000,45.0300000,45.0800000,43.5900000,44.2600000,127931
J2TX.FUTBRENTCONT,D,20200823,000000,44.5000000,44.6900000,44.3000000,44.4500000,1703
J2TX.FUTBRENTCONT,D,20200824,000000,44.4500000,45.1800000,44.2900000,45.0500000,96026
J2TX.FUTBRENTCONT,D,20200825,000000,45.1200000,46.5000000,45.0800000,46.5000000,89677
J2TX.FUTBRENTCONT,D,20200826,000000,46.4000000,46.5400000,46.0200000,46.2900000,104036
J2TX.FUTBRENTCONT,D,20200827,000000,46.1900000,46.3300000,45.0500000,45.6500000,143313
J2TX.FUTBRENTCONT,D,20200828,000000,45.6300000,45.9400000,45.3300000,45.9400000,136134
J2TX.FUTBRENTCONT,D,20200830,000000,45.8000000,45.9300000,45.8000000,45.9300000,178
J2TX.FUTBRENTCONT,D,20200831,000000,45.9200000,46.5300000,45.2100000,45.5700000,122737
J2TX.FUTBRENTCONT,D,20200901,000000,45.6000000,46.2200000,45.4700000,45.7700000,124080
J2TX.FUTBRENTCONT,D,20200902,000000,45.8300000,46.0500000,44.2000000,44.3900000,190224
J2TX.FUTBRENTCONT,D,20200903,000000,44.6500000,44.6500000,43.1500000,44.0000000,203419
J2TX.FUTBRENTCONT,D,20200904,000000,43.7600000,44.5400000,42.3000000,42.3500000,200020
J2TX.FUTBRENTCONT,D,20200906,000000,42.2000000,42.3300000,41.5100000,41.8200000,3407
J2TX.FUTBRENTCONT,D,20200907,000000,41.8000000,42.4300000,41.6400000,42.0500000,87736
J2TX.FUTBRENTCONT,D,20200908,000000,42.0800000,42.2300000,39.3100000,39.7800000,263657
J2TX.FUTBRENTCONT,D,20200909,000000,39.6500000,41.2000000,39.3700000,40.6200000,179634
J2TX.FUTBRENTCONT,D,20200910,000000,40.5800000,40.9600000,39.7100000,39.7200000,117381
J2TX.FUTBRENTCONT,D,20200911,000000,39.9600000,40.3400000,39.3800000,39.9200000,114897
J2TX.FUTBRENTCONT,D,20200913,000000,39.7800000,39.9400000,39.4600000,39.6900000,2162
J2TX.FUTBRENTCONT,D,20200914,000000,39.7000000,40.0900000,39.3000000,39.6900000,103972
J2TX.FUTBRENTCONT,D,20200915,000000,39.7000000,40.8200000,39.3900000,40.6800000,121005
J2TX.FUTBRENTCONT,D,20200916,000000,40.7200000,42.4400000,40.5900000,42.3300000,154487
J2TX.FUTBRENTCONT,D,20200917,000000,42.3200000,43.5000000,41.5000000,43.2600000,155038
J2TX.FUTBRENTCONT,D,20200918,000000,43.2200000,43.8000000,42.5300000,43.0400000,130059
J2TX.FUTBRENTCONT,D,20200920,000000,43.0100000,43.0500000,42.6800000,42.8100000,888
J2TX.FUTBRENTCONT,D,20200921,000000,42.8300000,43.3000000,40.9600000,41.6900000,149528
J2TX.FUTBRENTCONT,D,20200922,000000,41.7900000,42.2000000,41.2100000,41.8000000,115304
J2TX.FUTBRENTCONT,D,20200923,000000,41.6700000,42.6200000,41.2100000,41.5100000,104870
J2TX.FUTBRENTCONT,D,20200924,000000,41.3600000,42.0200000,41.2700000,41.7700000,79540
J2TX.FUTBRENTCONT,D,20200925,000000,41.8500000,42.3800000,41.5200000,42.2600000,58462
J2TX.FUTBRENTCONT,D,20200927,000000,42.2100000,42.4400000,42.2100000,42.4400000,398
J2TX.FUTBRENTCONT,D,20200928,000000,42.4400000,43.0300000,41.9500000,42.9400000,118357
J2TX.FUTBRENTCONT,D,20200929,000000,42.9100000,42.9700000,40.8400000,41.3700000,188331
J2TX.FUTBRENTCONT,D,20200930,000000,41.3600000,42.4900000,40.8200000,42.1200000,194086
J2TX.FUTBRENTCONT,D,20201001,000000,42.1700000,42.5600000,39.9200000,40.7100000,226026
J2TX.FUTBRENTCONT,D,20201002,000000,40.6500000,40.7700000,38.7900000,38.9000000,236216
J2TX.FUTBRENTCONT,D,20201004,000000,39.1900000,39.4000000,39.1400000,39.3500000,1753
J2TX.FUTBRENTCONT,D,20201005,000000,39.3500000,41.7800000,39.2900000,41.5300000,182004
J2TX.FUTBRENTCONT,D,20201006,000000,41.4100000,42.8400000,41.2200000,41.8600000,181702
J2TX.FUTBRENTCONT,D,20201007,000000,41.8500000,42.4200000,41.3600000,42.1500000,139345
J2TX.FUTBRENTCONT,D,20201008,000000,42.1500000,43.4700000,41.8600000,43.4500000,155857
J2TX.FUTBRENTCONT,D,20201009,000000,43.3600000,43.5700000,42.6100000,42.8200000,141128
J2TX.FUTBRENTCONT,D,20201011,000000,42.6000000,42.7100000,42.5000000,42.5400000,1879
J2TX.FUTBRENTCONT,D,20201012,000000,42.5400000,42.6100000,41.3600000,41.8100000,136186
J2TX.FUTBRENTCONT,D,20201013,000000,41.8100000,42.6800000,41.6600000,42.4700000,133058
J2TX.FUTBRENTCONT,D,20201014,000000,42.4300000,43.4500000,42.1300000,43.4400000,157610
J2TX.FUTBRENTCONT,D,20201015,000000,43.4500000,43.4800000,41.5600000,43.0000000,194356
J2TX.FUTBRENTCONT,D,20201016,000000,43.1000000,43.2100000,42.2700000,42.8500000,123819
J2TX.FUTBRENTCONT,D,20201018,000000,42.6900000,43.1300000,42.6900000,43.0100000,806
J2TX.FUTBRENTCONT,D,20201019,000000,43.0000000,43.2300000,42.3600000,42.4600000,121039
J2TX.FUTBRENTCONT,D,20201020,000000,42.4500000,43.3000000,42.1900000,42.8000000,147982
J2TX.FUTBRENTCONT,D,20201021,000000,42.9100000,43.0400000,41.4500000,41.7100000,165903
J2TX.FUTBRENTCONT,D,20201022,000000,41.5900000,42.7900000,41.4600000,42.4400000,132522
J2TX.FUTBRENTCONT,D,20201023,000000,42.4000000,42.8000000,41.5000000,41.5900000,105848
J2TX.FUTBRENTCONT,D,20201025,000000,41.8300000,41.9200000,41.2100000,41.4600000,2741
J2TX.FUTBRENTCONT,D,20201026,000000,41.4700000,41.6600000,40.5900000,40.8100000,120325
J2TX.FUTBRENTCONT,D,20201027,000000,40.8300000,41.8800000,40.7900000,41.1000000,108148
J2TX.FUTBRENTCONT,D,20201028,000000,41.0400000,41.1100000,39.2300000,39.5400000,220462
J2TX.FUTBRENTCONT,D,20201029,000000,39.7100000,39.9700000,37.2600000,38.1100000,275653
J2TX.FUTBRENTCONT,D,20201030,000000,38.2200000,38.7100000,37.4000000,37.8600000,209890
J2TX.FUTBRENTCONT,D,20201101,000000,37.3700000,37.3700000,35.7400000,36.1600000,12648
J2TX.FUTBRENTCONT,D,20201102,000000,36.1700000,39.3600000,36.0400000,39.2400000,203632
J2TX.FUTBRENTCONT,D,20201103,000000,39.2600000,40.4500000,38.6500000,40.1600000,178891
J2TX.FUTBRENTCONT,D,20201104,000000,40.1300000,41.3300000,39.4200000,41.2000000,173059
J2TX.FUTBRENTCONT,D,20201105,000000,40.9600000,41.5300000,40.3300000,40.8000000,135610
J2TX.FUTBRENTCONT,D,20201106,000000,40.6300000,40.6900000,39.3400000,39.6000000,166268
J2TX.FUTBRENTCONT,D,20201108,000000,39.6500000,40.1600000,39.4600000,40.0400000,957
J2TX.FUTBRENTCONT,D,20201109,000000,40.0700000,43.4800000,39.9500000,42.0200000,185140
J2TX.FUTBRENTCONT,D,20201110,000000,41.7500000,44.1100000,41.7100000,44.0500000,170229
J2TX.FUTBRENTCONT,D,20201111,000000,43.7700000,45.3000000,43.6000000,43.7700000,200125
J2TX.FUTBRENTCONT,D,20201112,000000,43.7300000,44.5000000,43.2600000,43.2700000,165339
J2TX.FUTBRENTCONT,D,20201113,000000,43.2000000,43.3400000,42.6300000,42.6300000,131178
J2TX.FUTBRENTCONT,D,20201115,000000,42.7100000,43.0600000,42.7100000,43.0300000,737
J2TX.FUTBRENTCONT,D,20201116,000000,43.0300000,44.6700000,42.9800000,43.8900000,155339
J2TX.FUTBRENTCONT,D,20201117,000000,43.8900000,44.2500000,43.0800000,43.7800000,130931
J2TX.FUTBRENTCONT,D,20201118,000000,43.7500000,44.8900000,43.4800000,44.1300000,147721
J2TX.FUTBRENTCONT,D,20201119,000000,43.9600000,44.5700000,43.7900000,44.1700000,116508
J2TX.FUTBRENTCONT,D,20201120,000000,44.1500000,45.2400000,44.0500000,45.2400000,120020
J2TX.FUTBRENTCONT,D,20201122,000000,45.0800000,45.2300000,45.0600000,45.1300000,475
J2TX.FUTBRENTCONT,D,20201123,000000,45.1100000,46.5600000,44.8900000,46.4500000,130944
J2TX.FUTBRENTCONT,D,20201124,000000,46.4700000,48.6000000,45.8900000,48.2500000,143460
J2TX.FUTBRENTCONT,D,20201125,000000,48.2500000,49.0600000,47.7200000,48.8100000,124572
J2TX.FUTBRENTCONT,D,20201126,000000,48.8000000,49.0000000,47.4900000,47.8500000,92858
J2TX.FUTBRENTCONT,D,20201127,000000,47.8500000,48.4600000,47.3400000,48.3000000,115137
J2TX.FUTBRENTCONT,D,20201129,000000,47.9800000,48.1000000,47.5100000,47.8100000,5407
J2TX.FUTBRENTCONT,D,20201130,000000,47.8200000,48.2900000,47.0700000,47.6100000,195971
J2TX.FUTBRENTCONT,D,20201201,000000,47.6200000,48.3000000,46.8400000,47.0300000,174020
J2TX.FUTBRENTCONT,D,20201202,000000,47.0300000,48.7600000,46.8200000,48.1200000,197762
J2TX.FUTBRENTCONT,D,20201203,000000,48.1200000,49.5600000,47.6700000,49.4500000,179651
J2TX.FUTBRENTCONT,D,20201204,000000,49.4900000,49.9200000,48.8400000,49.0300000,163759
J2TX.FUTBRENTCONT,D,20201206,000000,49.1000000,49.2500000,48.8600000,49.0600000,1741
J2TX.FUTBRENTCONT,D,20201207,000000,49.0600000,49.4300000,48.3900000,48.4200000,122723
J2TX.FUTBRENTCONT,D,20201208,000000,48.4300000,49.0000000,48.0900000,48.6500000,130273
J2TX.FUTBRENTCONT,D,20201209,000000,48.6600000,49.5500000,48.4000000,49.0100000,173825
J2TX.FUTBRENTCONT,D,20201210,000000,49.0000000,51.0600000,48.8600000,50.1800000,184923
J2TX.FUTBRENTCONT,D,20201211,000000,50.1800000,50.7400000,49.7400000,50.0700000,132056
J2TX.FUTBRENTCONT,D,20201213,000000,49.9600000,50.3000000,49.8100000,50.0800000,2113
J2TX.FUTBRENTCONT,D,20201214,000000,50.2800000,50.8000000,49.1300000,49.8900000,150461
J2TX.FUTBRENTCONT,D,20201215,000000,49.8700000,50.8900000,49.7800000,50.6200000,117814
J2TX.FUTBRENTCONT,D,20201216,000000,50.6200000,51.6500000,50.3400000,51.5000000,128755
J2TX.FUTBRENTCONT,D,20201217,000000,51.5100000,51.9000000,51.0800000,51.3800000,113808
J2TX.FUTBRENTCONT,D,20201218,000000,51.3800000,52.4800000,51.1300000,52.3700000,127382
J2TX.FUTBRENTCONT,D,20201220,000000,52.3400000,52.3400000,50.3600000,51.6000000,17143
J2TX.FUTBRENTCONT,D,20201221,000000,51.5700000,51.5900000,49.2100000,50.7000000,147113
J2TX.FUTBRENTCONT,D,20201222,000000,50.6900000,50.8600000,49.3500000,49.3800000,102679
J2TX.FUTBRENTCONT,D,20201223,000000,49.3900000,51.7800000,49.2000000,51.6800000,110632
J2TX.FUTBRENTCONT,D,20201224,000000,51.6700000,51.7700000,50.6200000,51.3000000,58197
J2TX.FUTBRENTCONT,D,20201227,000000,51.3200000,51.3700000,50.5900000,50.9700000,8242
J2TX.FUTBRENTCONT,D,20201228,000000,50.9700000,52.0500000,50.8100000,51.1200000,85132
J2TX.FUTBRENTCONT,D,20201229,000000,51.1200000,51.6900000,50.9600000,51.4100000,100734
J2TX.FUTBRENTCONT,D,20201230,000000,51.4000000,51.9200000,50.9400000,51.5600000,154269
J2TX.FUTBRENTCONT,D,20201231,000000,51.5500000,51.8400000,50.9000000,51.7200000,88731
J2TX.FUTBRENTCONT,D,20210103,000000,51.5000000,51.8200000,51.3800000,51.7400000,2176
J2TX.FUTBRENTCONT,D,20210104,000000,51.7400000,53.3300000,50.5600000,50.6700000,265285
J2TX.FUTBRENTCONT,D,20210105,000000,50.9500000,53.9000000,50.7000000,53.5700000,296062
J2TX.FUTBRENTCONT,D,20210106,000000,53.5200000,54.7300000,53.0200000,54.1500000,231283
J2TX.FUTBRENTCONT,D,20210107,000000,54.1300000,54.9000000,53.9400000,54.5200000,144086
J2TX.FUTBRENTCONT,D,20210108,000000,54.5600000,56.3600000,54.3400000,56.3600000,192380
J2TX.FUTBRENTCONT,D,20210110,000000,56.2400000,56.3900000,55.8800000,55.8900000,1482
J2TX.FUTBRENTCONT,D,20210111,000000,55.9100000,56.0100000,54.9900000,55.6200000,157216
J2TX.FUTBRENTCONT,D,20210112,000000,55.6600000,56.7900000,55.5100000,56.7800000,165314
J2TX.FUTBRENTCONT,D,20210113,000000,56.8300000,57.4200000,55.7700000,55.9100000,168698
J2TX.FUTBRENTCONT,D,20210114,000000,55.9300000,56.5700000,55.2400000,56.4600000,145705
J2TX.FUTBRENTCONT,D,20210115,000000,56.4100000,56.5000000,54.6400000,55.0000000,182592
J2TX.FUTBRENTCONT,D,20210117,000000,54.7500000,55.0700000,54.7500000,54.8900000,927
J2TX.FUTBRENTCONT,D,20210118,000000,54.9100000,55.2100000,54.4900000,54.7900000,78208
J2TX.FUTBRENTCONT,D,20210119,000000,55.0100000,56.0800000,54.8900000,55.9300000,144672
J2TX.FUTBRENTCONT,D,20210120,000000,56.0700000,56.6400000,55.6600000,55.6900000,144678
J2TX.FUTBRENTCONT,D,20210121,000000,55.8200000,56.2400000,55.4900000,56.1700000,109025
J2TX.FUTBRENTCONT,D,20210122,000000,56.0000000,56.0300000,54.4800000,55.2100000,164957
J2TX.FUTBRENTCONT,D,20210124,000000,55.2600000,55.4700000,55.1500000,55.4000000,1753
J2TX.FUTBRENTCONT,D,20210125,000000,55.3800000,56.0200000,55.0700000,55.9100000,109175
J2TX.FUTBRENTCONT,D,20210126,000000,55.9300000,56.3400000,55.3900000,55.8700000,85113
J2TX.FUTBRENTCONT,D,20210127,000000,55.8400000,56.1900000,54.9400000,55.3000000,164586
J2TX.FUTBRENTCONT,D,20210128,000000,55.1800000,56.2200000,54.9100000,55.0300000,187567
J2TX.FUTBRENTCONT,D,20210129,000000,55.0400000,56.0200000,54.9000000,55.1000000,197528
J2TX.FUTBRENTCONT,D,20210131,000000,54.9100000,55.0300000,54.6000000,54.9100000,3372
J2TX.FUTBRENTCONT,D,20210201,000000,54.9100000,56.5300000,54.8100000,56.2100000,186362
J2TX.FUTBRENTCONT,D,20210202,000000,56.3500000,58.0500000,56.3300000,57.8200000,196174
J2TX.FUTBRENTCONT,D,20210203,000000,57.8500000,58.9400000,57.5000000,58.6700000,174328
J2TX.FUTBRENTCONT,D,20210204,000000,58.5900000,59.1200000,58.0400000,59.1100000,152979
J2TX.FUTBRENTCONT,D,20210205,000000,59.1700000,59.7800000,59.0800000,59.6200000,117936
J2TX.FUTBRENTCONT,D,20210207,000000,59.4300000,59.9100000,59.4300000,59.9100000,2225
J2TX.FUTBRENTCONT,D,20210208,000000,59.9100000,60.7200000,59.7700000,60.6600000,155064
J2TX.FUTBRENTCONT,D,20210209,000000,60.8000000,61.3400000,60.0500000,61.2900000,167657
J2TX.FUTBRENTCONT,D,20210210,000000,61.2100000,61.6900000,60.8700000,61.1000000,147101
J2TX.FUTBRENTCONT,D,20210211,000000,61.0100000,61.5000000,60.7200000,60.8600000,106883
J2TX.FUTBRENTCONT,D,20210212,000000,60.8200000,62.8300000,60.3500000,62.7100000,166393
J2TX.FUTBRENTCONT,D,20210213,000000,62.4300000,62.4300000,62.4300000,62.4300000,1
J2TX.FUTBRENTCONT,D,20210214,000000,62.8300000,63.4400000,62.8200000,63.0900000,4264
J2TX.FUTBRENTCONT,D,20210215,000000,63.0900000,63.7600000,63.0500000,63.3300000,115472
J2TX.FUTBRENTCONT,D,20210216,000000,63.4700000,63.7000000,62.6900000,63.5600000,168745
J2TX.FUTBRENTCONT,D,20210217,000000,63.1500000,64.9600000,62.7300000,64.8900000,204702
J2TX.FUTBRENTCONT,D,20210218,000000,65.0200000,65.5200000,63.2200000,63.5300000,193223
J2TX.FUTBRENTCONT,D,20210219,000000,63.3000000,63.9400000,62.0900000,62.8400000,161564
J2TX.FUTBRENTCONT,D,20210220,000000,62.9100000,62.9100000,62.9100000,62.9100000,1
J2TX.FUTBRENTCONT,D,20210221,000000,62.6800000,63.3600000,62.5500000,63.3200000,1185
J2TX.FUTBRENTCONT,D,20210222,000000,63.3100000,65.8500000,63.1800000,65.8000000,130217
J2TX.FUTBRENTCONT,D,20210223,000000,65.5100000,66.7900000,64.4700000,65.0900000,121591
J2TX.FUTBRENTCONT,D,20210224,000000,65.0600000,67.3100000,64.8000000,67.3100000,49030
J2TX.FUTBRENTCONT,D,20210225,000000,67.2000000,67.7000000,66.4800000,67.0800000,31444
J2TX.FUTBRENTCONT,D,20210226,000000,66.8900000,66.9000000,64.2500000,64.6300000,167246
J2TX.FUTBRENTCONT,D,20210227,000000,64.4200000,64.4200000,64.4200000,64.4200000,1
J2TX.FUTBRENTCONT,D,20210228,000000,64.8500000,65.4100000,64.6900000,65.3800000,2112
J2TX.FUTBRENTCONT,D,20210301,000000,65.3900000,65.9300000,63.1700000,63.3100000,186951
J2TX.FUTBRENTCONT,D,20210302,000000,63.1200000,64.1300000,62.3800000,62.6200000,210927
J2TX.FUTBRENTCONT,D,20210303,000000,62.3800000,64.7000000,62.3800000,63.9900000,209282
J2TX.FUTBRENTCONT,D,20210304,000000,64.1000000,67.7500000,63.3300000,67.2600000,319496
J2TX.FUTBRENTCONT,D,20210305,000000,67.1600000,69.6900000,66.6700000,69.6900000,219360
J2TX.FUTBRENTCONT,D,20210306,000000,69.3600000,69.3600000,69.3600000,69.3600000,1
J2TX.FUTBRENTCONT,D,20210307,000000,69.9700000,71.1600000,69.9400000,70.4200000,6531
J2TX.FUTBRENTCONT,D,20210308,000000,70.4400000,71.3800000,67.8000000,68.1200000,211363
J2TX.FUTBRENTCONT,D,20210309,000000,68.1300000,69.3300000,67.1200000,67.3000000,174218
J2TX.FUTBRENTCONT,D,20210310,000000,67.4600000,68.4200000,66.5000000,68.1800000,214312
J2TX.FUTBRENTCONT,D,20210311,000000,68.4500000,69.8400000,67.9900000,69.6200000,163237
J2TX.FUTBRENTCONT,D,20210312,000000,69.5900000,69.9000000,69.0300000,69.2300000,133248
J2TX.FUTBRENTCONT,D,20210314,000000,69.0800000,69.7200000,69.0700000,69.5000000,1612
J2TX.FUTBRENTCONT,D,20210315,000000,69.4900000,70.0300000,67.8200000,68.7900000,167130
J2TX.FUTBRENTCONT,D,20210316,000000,68.8100000,68.9400000,67.3600000,68.4700000,149275
J2TX.FUTBRENTCONT,D,20210317,000000,68.3900000,68.8900000,66.9600000,67.7400000,180678
J2TX.FUTBRENTCONT,D,20210318,000000,67.7700000,68.1500000,61.4500000,62.8700000,334604
J2TX.FUTBRENTCONT,D,20210319,000000,62.9900000,64.9500000,62.0700000,64.4600000,263030
J2TX.FUTBRENTCONT,D,20210321,000000,64.5300000,64.7600000,63.9200000,63.9700000,1354
J2TX.FUTBRENTCONT,D,20210322,000000,63.9900000,65.1200000,63.4500000,64.2900000,131287
J2TX.FUTBRENTCONT,D,20210323,000000,64.3000000,64.3000000,60.2700000,60.3800000,218034
J2TX.FUTBRENTCONT,D,20210324,000000,60.5000000,64.5700000,60.4700000,64.2200000,160551
J2TX.FUTBRENTCONT,D,20210325,000000,63.9900000,64.1900000,60.9800000,61.8400000,141197
J2TX.FUTBRENTCONT,D,20210326,000000,62.0100000,64.7500000,61.8500000,64.2200000,134804
J2TX.FUTBRENTCONT,D,20210328,000000,64.4300000,64.4800000,63.9400000,64.3700000,2205
J2TX.FUTBRENTCONT,D,20210329,000000,64.3700000,65.3400000,63.0100000,65.1900000,183264
J2TX.FUTBRENTCONT,D,20210330,000000,65.3900000,65.3900000,63.5000000,64.0200000,174893
J2TX.FUTBRENTCONT,D,20210331,000000,63.9500000,64.8300000,62.5300000,63.0700000,198324
J2TX.FUTBRENTCONT,D,20210401,000000,63.1200000,65.1700000,62.3800000,64.6500000,304764
J2TX.FUTBRENTCONT,D,20210404,000000,64.5700000,64.8100000,64.2700000,64.6500000,2553
J2TX.FUTBRENTCONT,D,20210405,000000,64.6500000,64.7600000,61.2500000,62.3000000,146030
J2TX.FUTBRENTCONT,D,20210406,000000,62.3200000,64.2800000,62.0800000,62.6500000,190633
J2TX.FUTBRENTCONT,D,20210407,000000,62.6000000,63.5500000,61.6000000,62.9000000,219071
J2TX.FUTBRENTCONT,D,20210408,000000,63.0200000,63.4300000,62.3800000,63.3700000,153244
J2TX.FUTBRENTCONT,D,20210409,000000,63.2800000,63.4900000,62.5700000,63.0500000,117831
J2TX.FUTBRENTCONT,D,20210411,000000,63.0600000,63.3200000,63.0200000,63.2700000,1434
J2TX.FUTBRENTCONT,D,20210412,000000,63.2800000,64.3100000,62.4100000,63.2000000,162648
J2TX.FUTBRENTCONT,D,20210413,000000,63.2400000,64.1900000,63.1800000,63.9600000,139573
J2TX.FUTBRENTCONT,D,20210414,000000,64.0100000,66.9000000,63.8800000,66.2800000,201361
J2TX.FUTBRENTCONT,D,20210415,000000,66.3800000,67.0300000,65.9500000,66.8400000,136336
J2TX.FUTBRENTCONT,D,20210416,000000,66.8600000,67.3800000,66.4400000,66.7200000,114344
J2TX.FUTBRENTCONT,D,20210418,000000,66.7000000,66.7700000,66.3800000,66.4000000,2192
J2TX.FUTBRENTCONT,D,20210419,000000,66.4000000,67.2300000,66.1700000,67.1600000,111035
J2TX.FUTBRENTCONT,D,20210420,000000,67.2000000,68.0800000,65.5100000,66.3100000,196607
J2TX.FUTBRENTCONT,D,20210421,000000,66.2200000,66.5200000,64.9600000,65.0800000,169683
J2TX.FUTBRENTCONT,D,20210422,000000,65.1300000,65.8300000,64.5800000,65.7500000,124541
J2TX.FUTBRENTCONT,D,20210423,000000,65.8000000,66.3000000,65.1600000,66.1200000,106086
J2TX.FUTBRENTCONT,D,20210425,000000,66.1000000,66.2000000,65.8400000,65.8700000,436
J2TX.FUTBRENTCONT,D,20210426,000000,65.8600000,66.2600000,63.9300000,65.1700000,126247
J2TX.FUTBRENTCONT,D,20210427,000000,65.3000000,66.2200000,65.0800000,66.0900000,126115
J2TX.FUTBRENTCONT,D,20210428,000000,66.0500000,67.3700000,65.5400000,66.5200000,190337
J2TX.FUTBRENTCONT,D,20210429,000000,66.6700000,68.4400000,66.6400000,68.0200000,181769
J2TX.FUTBRENTCONT,D,20210430,000000,67.9000000,67.9700000,66.2500000,66.4400000,187712
J2TX.FUTBRENTCONT,D,20210502,000000,66.7000000,66.9500000,66.6900000,66.9200000,556
J2TX.FUTBRENTCONT,D,20210503,000000,66.9300000,67.8200000,66.1000000,67.6600000,93494
J2TX.FUTBRENTCONT,D,20210504,000000,67.7500000,69.5000000,67.3700000,69.4900000,179461
J2TX.FUTBRENTCONT,D,20210505,000000,69.3500000,69.9500000,68.3500000,68.5500000,198774
J2TX.FUTBRENTCONT,D,20210506,000000,68.4700000,69.3700000,67.9300000,68.2800000,177697
J2TX.FUTBRENTCONT,D,20210507,000000,68.2600000,68.6500000,67.3900000,68.2700000,148711
J2TX.FUTBRENTCONT,D,20210509,000000,68.7400000,68.9900000,68.5700000,68.9000000,3550
J2TX.FUTBRENTCONT,D,20210510,000000,68.9200000,69.2000000,67.4100000,68.2200000,147198
J2TX.FUTBRENTCONT,D,20210511,000000,68.2900000,68.7500000,67.1300000,68.6500000,191496
J2TX.FUTBRENTCONT,D,20210512,000000,68.7800000,69.9000000,68.1800000,69.0000000,188210
J2TX.FUTBRENTCONT,D,20210513,000000,68.8800000,69.0400000,66.4800000,67.0500000,203145
J2TX.FUTBRENTCONT,D,20210514,000000,67.0000000,68.8900000,66.5000000,68.8300000,166670
J2TX.FUTBRENTCONT,D,20210516,000000,68.9200000,69.0400000,68.7400000,68.9100000,1762
J2TX.FUTBRENTCONT,D,20210517,000000,68.9000000,69.6200000,68.1800000,69.6000000,131444
J2TX.FUTBRENTCONT,D,20210518,000000,69.6100000,70.2400000,67.2800000,68.5900000,216751
J2TX.FUTBRENTCONT,D,20210519,000000,68.4100000,68.4600000,65.3000000,66.6900000,235152
J2TX.FUTBRENTCONT,D,20210520,000000,66.6300000,67.1700000,64.8000000,65.0500000,180066
J2TX.FUTBRENTCONT,D,20210521,000000,65.2200000,66.9400000,64.5700000,66.7300000,154474
J2TX.FUTBRENTCONT,D,20210523,000000,66.4400000,66.7200000,66.4400000,66.4600000,363
J2TX.FUTBRENTCONT,D,20210524,000000,66.4700000,68.6400000,66.4400000,68.4500000,118683
J2TX.FUTBRENTCONT,D,20210525,000000,68.4700000,68.9000000,67.8300000,68.6300000,93896
J2TX.FUTBRENTCONT,D,20210526,000000,68.5500000,69.1700000,67.8800000,68.6900000,113171
J2TX.FUTBRENTCONT,D,20210527,000000,68.6600000,69.2600000,67.9600000,69.2100000,139223
J2TX.FUTBRENTCONT,D,20210528,000000,69.4700000,69.7400000,68.5700000,69.0200000,183080
J2TX.FUTBRENTCONT,D,20210530,000000,68.9800000,69.1100000,68.8700000,68.9400000,290
J2TX.FUTBRENTCONT,D,20210531,000000,68.9300000,69.8200000,68.7500000,69.4600000,59625
J2TX.FUTBRENTCONT,D,20210601,000000,69.3900000,71.3400000,69.2900000,70.6300000,213854
J2TX.FUTBRENTCONT,D,20210602,000000,70.5500000,71.4800000,70.3500000,71.2000000,135464
J2TX.FUTBRENTCONT,D,20210603,000000,71.2700000,71.9900000,70.6600000,71.3900000,145411
J2TX.FUTBRENTCONT,D,20210604,000000,71.2500000,72.1700000,70.7300000,71.8200000,129108
J2TX.FUTBRENTCONT,D,20210606,000000,71.8200000,71.9600000,71.6800000,71.9500000,530
J2TX.FUTBRENTCONT,D,20210607,000000,71.9500000,72.2700000,71.1000000,71.5000000,121467
J2TX.FUTBRENTCONT,D,20210608,000000,71.4200000,72.4200000,70.7100000,72.0500000,164520
J2TX.FUTBRENTCONT,D,20210609,000000,72.1700000,72.8700000,71.8200000,72.0200000,137944
J2TX.FUTBRENTCONT,D,20210610,000000,72.0300000,72.9300000,70.9500000,72.4000000,191185
J2TX.FUTBRENTCONT,D,20210611,000000,72.4100000,73.0900000,71.8800000,72.6200000,144041
J2TX.FUTBRENTCONT,D,20210613,000000,72.7000000,72.8400000,72.5900000,72.7700000,808
J2TX.FUTBRENTCONT,D,20210614,000000,72.7600000,73.6400000,72.6200000,73.0700000,113422
J2TX.FUTBRENTCONT,D,20210615,000000,73.0300000,74.3300000,72.7900000,74.2700000,139179
J2TX.FUTBRENTCONT,D,20210616,000000,74.2600000,74.9600000,73.8600000,73.8700000,169164
J2TX.FUTBRENTCONT,D,20210617,000000,73.8000000,74.5000000,72.0100000,72.9900000,214819
J2TX.FUTBRENTCONT,D,20210618,000000,73.0000000,73.7600000,72.1800000,73.2200000,144117
J2TX.FUTBRENTCONT,D,20210620,000000,73.3300000,73.8100000,73.3100000,73.6700000,1076
J2TX.FUTBRENTCONT,D,20210621,000000,73.6700000,74.9500000,72.9800000,74.8400000,152867
J2TX.FUTBRENTCONT,D,20210622,000000,74.8800000,75.3000000,74.3200000,74.7400000,131164
J2TX.FUTBRENTCONT,D,20210623,000000,74.7500000,76.0200000,74.7000000,75.4100000,118862
J2TX.FUTBRENTCONT,D,20210624,000000,75.3000000,75.7800000,74.5100000,75.6000000,88034
J2TX.FUTBRENTCONT,D,20210625,000000,75.5400000,76.2100000,74.9500000,76.0100000,86426
J2TX.FUTBRENTCONT,D,20210627,000000,75.4100000,75.5200000,75.2700000,75.4800000,1059
J2TX.FUTBRENTCONT,D,20210628,000000,75.4900000,75.7700000,73.9300000,74.0100000,149627
J2TX.FUTBRENTCONT,D,20210629,000000,74.0800000,74.9900000,73.3600000,74.6700000,150024
J2TX.FUTBRENTCONT,D,20210630,000000,74.6000000,75.3500000,73.9300000,74.6700000,181915
J2TX.FUTBRENTCONT,D,20210701,000000,74.6900000,76.7400000,74.5500000,75.6100000,254159
J2TX.FUTBRENTCONT,D,20210702,000000,75.6400000,76.4300000,75.2100000,75.9700000,154138
J2TX.FUTBRENTCONT,D,20210704,000000,76.2300000,76.3000000,75.9700000,76.1400000,913
J2TX.FUTBRENTCONT,D,20210705,000000,76.1400000,77.2600000,75.7000000,77.1000000,109956
J2TX.FUTBRENTCONT,D,20210706,000000,77.0600000,77.8400000,74.1300000,74.9300000,292609
J2TX.FUTBRENTCONT,D,20210707,000000,74.6900000,75.9900000,72.6000000,73.3400000,271291
J2TX.FUTBRENTCONT,D,20210708,000000,73.3500000,74.4000000,72.1100000,74.3500000,195716
J2TX.FUTBRENTCONT,D,20210709,000000,74.3900000,75.8000000,73.8000000,75.5800000,141159
J2TX.FUTBRENTCONT,D,20210711,000000,75.7900000,75.8400000,75.5700000,75.6200000,1271
J2TX.FUTBRENTCONT,D,20210712,000000,75.6000000,75.7200000,74.2300000,75.2000000,142143
J2TX.FUTBRENTCONT,D,20210713,000000,75.2500000,76.6000000,74.9300000,76.3500000,144505
J2TX.FUTBRENTCONT,D,20210714,000000,76.2800000,76.7200000,73.7900000,74.5400000,225340
J2TX.FUTBRENTCONT,D,20210715,000000,74.5000000,74.5900000,73.1900000,73.2900000,187423
J2TX.FUTBRENTCONT,D,20210716,000000,73.1800000,74.0900000,72.3400000,73.3000000,180288
J2TX.FUTBRENTCONT,D,20210718,000000,72.8600000,73.3400000,72.6000000,73.0800000,3414
J2TX.FUTBRENTCONT,D,20210719,000000,73.0700000,73.2500000,67.7500000,68.7500000,340104
J2TX.FUTBRENTCONT,D,20210720,000000,68.9900000,69.7300000,67.4400000,68.6300000,204484
J2TX.FUTBRENTCONT,D,20210721,000000,68.9200000,72.3800000,68.6300000,72.2500000,176327
J2TX.FUTBRENTCONT,D,20210722,000000,72.2400000,73.9000000,71.7400000,73.6700000,138872
J2TX.FUTBRENTCONT,D,20210723,000000,73.5600000,74.2200000,73.3200000,74.1900000,94299
J2TX.FUTBRENTCONT,D,20210725,000000,74.1200000,74.5000000,74.0700000,74.4100000,839
J2TX.FUTBRENTCONT,D,20210726,000000,74.3700000,74.3700000,72.7500000,73.9700000,99292
J2TX.FUTBRENTCONT,D,20210727,000000,73.8800000,74.1900000,73.0800000,73.7900000,108246
J2TX.FUTBRENTCONT,D,20210728,000000,73.8000000,74.3400000,73.5200000,73.9000000,123829
J2TX.FUTBRENTCONT,D,20210729,000000,73.8900000,75.1500000,73.7000000,74.8400000,131954
J2TX.FUTBRENTCONT,D,20210730,000000,74.8100000,75.6500000,74.3900000,75.2200000,169817
J2TX.FUTBRENTCONT,D,20210801,000000,75.3900000,75.3900000,75.1000000,75.1200000,1022
J2TX.FUTBRENTCONT,D,20210802,000000,75.1400000,75.1600000,72.3100000,73.2400000,218368
J2TX.FUTBRENTCONT,D,20210803,000000,73.0800000,73.5500000,71.0500000,72.2800000,204978
J2TX.FUTBRENTCONT,D,20210804,000000,72.3500000,72.8300000,70.1100000,70.3100000,242580
J2TX.FUTBRENTCONT,D,20210805,000000,70.2700000,71.5000000,69.7500000,71.1800000,169572
J2TX.FUTBRENTCONT,D,20210806,000000,71.2000000,72.4300000,70.2800000,70.4900000,176436
J2TX.FUTBRENTCONT,D,20210808,000000,70.2600000,70.2600000,69.0500000,69.5500000,5575
J2TX.FUTBRENTCONT,D,20210809,000000,69.5800000,69.6700000,67.6000000,69.2000000,222814
J2TX.FUTBRENTCONT,D,20210810,000000,69.3500000,71.2400000,68.9400000,70.8600000,154731
J2TX.FUTBRENTCONT,D,20210811,000000,70.8300000,71.7200000,69.0700000,71.6200000,200295
J2TX.FUTBRENTCONT,D,20210812,000000,71.5700000,71.9000000,70.6700000,71.1500000,131417
J2TX.FUTBRENTCONT,D,20210813,000000,71.1200000,71.3800000,70.0000000,70.2500000,122040
J2TX.FUTBRENTCONT,D,20210815,000000,70.0500000,70.4500000,70.0000000,70.2400000,1015
J2TX.FUTBRENTCONT,D,20210816,000000,70.2400000,70.3900000,68.1400000,69.5700000,202799
J2TX.FUTBRENTCONT,D,20210817,000000,69.7700000,70.0000000,68.8200000,69.1100000,150846
J2TX.FUTBRENTCONT,D,20210818,000000,68.9600000,70.0400000,67.2300000,67.5000000,201722
J2TX.FUTBRENTCONT,D,20210819,000000,67.5700000,67.6400000,65.5700000,66.5600000,237901
J2TX.FUTBRENTCONT,D,20210820,000000,66.5400000,66.9300000,64.9400000,65.0000000,153178
J2TX.FUTBRENTCONT,D,20210822,000000,64.9700000,65.5600000,64.6000000,65.4400000,1164
J2TX.FUTBRENTCONT,D,20210823,000000,65.4400000,68.9000000,65.4400000,68.7800000,166021
J2TX.FUTBRENTCONT,D,20210824,000000,68.6600000,71.2700000,68.5300000,71.2000000,149514
J2TX.FUTBRENTCONT,D,20210825,000000,71.0000000,72.4200000,70.5000000,71.9300000,130857
J2TX.FUTBRENTCONT,D,20210826,000000,71.9400000,72.1300000,69.7700000,70.5200000,128996
J2TX.FUTBRENTCONT,D,20210827,000000,70.6100000,71.7500000,70.2300000,71.6700000,130871
J2TX.FUTBRENTCONT,D,20210829,000000,71.9800000,72.6900000,71.9800000,72.5800000,6398
J2TX.FUTBRENTCONT,D,20210830,000000,72.5800000,72.6000000,71.0200000,72.1100000,131831
J2TX.FUTBRENTCONT,D,20210831,000000,72.1600000,72.3600000,71.3700000,71.7000000,170433
J2TX.FUTBRENTCONT,D,20210901,000000,71.6800000,72.3800000,70.4200000,71.3100000,175260
J2TX.FUTBRENTCONT,D,20210902,000000,71.3100000,73.4700000,70.9200000,72.8400000,175535
J2TX.FUTBRENTCONT,D,20210903,000000,72.8600000,73.6900000,72.4000000,72.4800000,137889
J2TX.FUTBRENTCONT,D,20210905,000000,72.5700000,72.6000000,72.0400000,72.0500000,2143
J2TX.FUTBRENTCONT,D,20210906,000000,72.0600000,72.7800000,71.5100000,72.1000000,85918
J2TX.FUTBRENTCONT,D,20210907,000000,72.2900000,72.8100000,71.1000000,71.5300000,176238
J2TX.FUTBRENTCONT,D,20210908,000000,71.6400000,72.9500000,71.5500000,72.6600000,167542
J2TX.FUTBRENTCONT,D,20210909,000000,72.6100000,73.2000000,70.8800000,71.3700000,224905
J2TX.FUTBRENTCONT,D,20210910,000000,71.3700000,73.1500000,70.9400000,72.9500000,153331
J2TX.FUTBRENTCONT,D,20210912,000000,72.8800000,73.4000000,72.6900000,73.3000000,2360
J2TX.FUTBRENTCONT,D,20210913,000000,73.2900000,73.9200000,73.0300000,73.6700000,157777
J2TX.FUTBRENTCONT,D,20210914,000000,73.6200000,74.2800000,73.0800000,73.9100000,157444
J2TX.FUTBRENTCONT,D,20210915,000000,73.9200000,76.1300000,73.7800000,75.5000000,188411
J2TX.FUTBRENTCONT,D,20210916,000000,75.4600000,75.8700000,74.4800000,75.6700000,151513
J2TX.FUTBRENTCONT,D,20210917,000000,75.6800000,75.7800000,74.6000000,75.4900000,143868
J2TX.FUTBRENTCONT,D,20210919,000000,75.3300000,75.4000000,74.8600000,75.0400000,1291
J2TX.FUTBRENTCONT,D,20210920,000000,75.0400000,75.1900000,73.5200000,74.2500000,188306
J2TX.FUTBRENTCONT,D,20210921,000000,74.3300000,75.1800000,73.2600000,74.6800000,151821
J2TX.FUTBRENTCONT,D,20210922,000000,74.5600000,76.2600000,74.4900000,75.8500000,147426
J2TX.FUTBRENTCONT,D,20210923,000000,75.9000000,77.3500000,75.6000000,77.2600000,122975
J2TX.FUTBRENTCONT,D,20210924,000000,77.2600000,78.2400000,76.8500000,78.0700000,95755
J2TX.FUTBRENTCONT,D,20210926,000000,77.6100000,78.0200000,77.3500000,78.0100000,5168
J2TX.FUTBRENTCONT,D,20210927,000000,78.0100000,79.0500000,77.8100000,78.6300000,154897
J2TX.FUTBRENTCONT,D,20210928,000000,78.6100000,79.9500000,77.3500000,77.4300000,227563
J2TX.FUTBRENTCONT,D,20210929,000000,77.5100000,78.7300000,76.7700000,77.9000000,199390
J2TX.FUTBRENTCONT,D,20210930,000000,77.8200000,79.3000000,76.5100000,78.3600000,299170
J2TX.FUTBRENTCONT,D,20211001,000000,78.4900000,79.4100000,77.5500000,79.2400000,175206
J2TX.FUTBRENTCONT,D,20211003,000000,79.4900000,79.5000000,79.1300000,79.2500000,1876
J2TX.FUTBRENTCONT,D,20211004,000000,79.2800000,82.0000000,78.7500000,81.2700000,236974
J2TX.FUTBRENTCONT,D,20211005,000000,81.2700000,83.1300000,81.1900000,82.5600000,188516
J2TX.FUTBRENTCONT,D,20211006,000000,82.5700000,83.4700000,80.6000000,80.8300000,267479
J2TX.FUTBRENTCONT,D,20211007,000000,80.9800000,82.5000000,79.0800000,82.4800000,250042
J2TX.FUTBRENTCONT,D,20211008,000000,82.3800000,83.4300000,81.9600000,82.5800000,209177
J2TX.FUTBRENTCONT,D,20211010,000000,82.6500000,83.2000000,82.5700000,82.6000000,2038
J2TX.FUTBRENTCONT,D,20211011,000000,82.6000000,84.6000000,82.5400000,83.6900000,192274
J2TX.FUTBRENTCONT,D,20211012,000000,83.4900000,84.2300000,82.7200000,83.3800000,205681
J2TX.FUTBRENTCONT,D,20211013,000000,83.1000000,83.6900000,82.2000000,83.3700000,191230
J2TX.FUTBRENTCONT,D,20211014,000000,83.4500000,84.5000000,83.1800000,84.0700000,200560
J2TX.FUTBRENTCONT,D,20211015,000000,84.3000000,85.1000000,84.1600000,84.9200000,167613
J2TX.FUTBRENTCONT,D,20211017,000000,84.9500000,85.4200000,84.9300000,85.3500000,2424
J2TX.FUTBRENTCONT,D,20211018,000000,85.3500000,86.0400000,83.9500000,84.1500000,200222
J2TX.FUTBRENTCONT,D,20211019,000000,84.2100000,85.4000000,83.7000000,85.1500000,222891
J2TX.FUTBRENTCONT,D,20211020,000000,85.1900000,85.8900000,83.6100000,85.8900000,205197
J2TX.FUTBRENTCONT,D,20211021,000000,85.9000000,86.1000000,83.3600000,84.7500000,217113
J2TX.FUTBRENTCONT,D,20211022,000000,84.5200000,85.9300000,83.8200000,85.7700000,155036
J2TX.FUTBRENTCONT,D,20211024,000000,85.6500000,85.8000000,85.4300000,85.6100000,1620
J2TX.FUTBRENTCONT,D,20211025,000000,85.6200000,86.7000000,85.5900000,85.9900000,146277
J2TX.FUTBRENTCONT,D,20211026,000000,86.0300000,86.4300000,84.8900000,85.4200000,129145
J2TX.FUTBRENTCONT,D,20211027,000000,85.3100000,85.5600000,83.3500000,83.5000000,250936
J2TX.FUTBRENTCONT,D,20211028,000000,83.5100000,83.9800000,81.6100000,83.9000000,245137
J2TX.FUTBRENTCONT,D,20211029,000000,83.6700000,84.2600000,82.5700000,83.5300000,228508
J2TX.FUTBRENTCONT,D,20211031,000000,83.6300000,83.8100000,83.0300000,83.2500000,3119
J2TX.FUTBRENTCONT,D,20211101,000000,83.2500000,85.1200000,83.1000000,84.5500000,169355
J2TX.FUTBRENTCONT,D,20211102,000000,84.4500000,85.2300000,83.7600000,84.0900000,194380
J2TX.FUTBRENTCONT,D,20211103,000000,84.0700000,84.2000000,81.1000000,81.3800000,237580
J2TX.FUTBRENTCONT,D,20211104,000000,81.5800000,84.4900000,80.2000000,80.9500000,326794
J2TX.FUTBRENTCONT,D,20211105,000000,81.2500000,83.1600000,80.2600000,82.5500000,223633
J2TX.FUTBRENTCONT,D,20211107,000000,82.5800000,83.0900000,82.5300000,82.9400000,1422
J2TX.FUTBRENTCONT,D,20211108,000000,82.9300000,84.0000000,82.8800000,83.6800000,155812
J2TX.FUTBRENTCONT,D,20211109,000000,83.4700000,85.3000000,83.1600000,85.2000000,201840
J2TX.FUTBRENTCONT,D,20211110,000000,84.9900000,85.5000000,82.0800000,82.7200000,237978
J2TX.FUTBRENTCONT,D,20211111,000000,82.8500000,83.4400000,81.6600000,82.6400000,202740
J2TX.FUTBRENTCONT,D,20211112,000000,82.8300000,82.8700000,81.2600000,81.9500000,191670
J2TX.FUTBRENTCONT,D,20211114,000000,81.9200000,82.4900000,81.9200000,82.2700000,578
J2TX.FUTBRENTCONT,D,20211115,000000,82.3500000,82.3700000,80.6700000,82.1700000,176631
J2TX.FUTBRENTCONT,D,20211116,000000,82.0000000,83.1400000,81.5200000,82.2700000,192281
J2TX.FUTBRENTCONT,D,20211117,000000,82.0500000,82.2200000,79.7800000,80.2100000,228811
J2TX.FUTBRENTCONT,D,20211118,000000,80.1000000,81.4100000,79.2800000,81.0500000,183373
J2TX.FUTBRENTCONT,D,20211119,000000,81.0000000,82.2400000,78.0500000,78.6600000,309245
J2TX.FUTBRENTCONT,D,20211121,000000,78.5800000,78.6200000,77.5800000,78.3900000,2815
J2TX.FUTBRENTCONT,D,20211122,000000,78.3900000,80.0700000,78.1000000,78.5900000,204478
J2TX.FUTBRENTCONT,D,20211123,000000,78.5900000,82.6000000,77.9800000,81.1400000,214455
J2TX.FUTBRENTCONT,D,20211124,000000,81.1400000,83.0000000,80.8400000,81.0700000,127343
J2TX.FUTBRENTCONT,D,20211125,000000,81.0600000,82.5800000,78.8600000,79.0300000,69656
J2TX.FUTBRENTCONT,D,20211126,000000,79.0200000,81.6600000,70.9900000,71.8000000,335110
J2TX.FUTBRENTCONT,D,20211128,000000,72.6500000,75.3500000,72.4100000,74.5500000,48949
J2TX.FUTBRENTCONT,D,20211129,000000,74.5400000,75.9400000,72.1500000,73.6500000,314597
J2TX.FUTBRENTCONT,D,20211130,000000,73.6400000,74.3500000,67.4500000,71.1500000,441434
J2TX.FUTBRENTCONT,D,20211201,000000,71.1700000,72.8700000,68.1400000,69.6000000,306786
J2TX.FUTBRENTCONT,D,20211202,000000,69.5900000,71.0200000,65.7200000,70.8700000,390380
J2TX.FUTBRENTCONT,D,20211203,000000,70.8500000,72.6200000,69.2400000,70.1400000,236295
J2TX.FUTBRENTCONT,D,20211205,000000,70.2400000,71.9300000,70.2400000,71.1500000,13792
J2TX.FUTBRENTCONT,D,20211206,000000,71.1900000,73.8000000,70.8200000,73.6600000,177614
J2TX.FUTBRENTCONT,D,20211207,000000,73.6700000,76.2700000,73.2000000,75.2900000,203076
J2TX.FUTBRENTCONT,D,20211208,000000,75.2800000,76.6600000,74.3800000,76.4400000,208464
J2TX.FUTBRENTCONT,D,20211209,000000,76.4400000,76.7000000,73.8400000,74.2200000,172427
J2TX.FUTBRENTCONT,D,20211210,000000,74.2300000,75.7100000,73.8000000,75.2700000,147183
J2TX.FUTBRENTCONT,D,20211212,000000,75.3700000,76.3100000,75.3300000,75.8800000,8636
J2TX.FUTBRENTCONT,D,20211213,000000,75.8800000,76.3900000,73.8500000,74.0800000,163249
J2TX.FUTBRENTCONT,D,20211214,000000,74.0700000,75.1600000,72.5700000,72.9200000,177759
J2TX.FUTBRENTCONT,D,20211215,000000,72.9100000,74.7200000,72.5000000,74.4300000,167782
J2TX.FUTBRENTCONT,D,20211216,000000,74.4400000,75.6100000,74.0000000,74.3700000,149719
J2TX.FUTBRENTCONT,D,20211217,000000,74.3700000,74.9800000,72.6500000,72.8700000,157388
J2TX.FUTBRENTCONT,D,20211219,000000,72.8200000,72.8700000,71.5500000,72.0600000,14693
J2TX.FUTBRENTCONT,D,20211220,000000,72.0900000,72.4400000,69.2800000,72.0400000,206197
J2TX.FUTBRENTCONT,D,20211221,000000,72.0500000,74.6000000,71.2400000,74.1100000,131161
J2TX.FUTBRENTCONT,D,20211222,000000,74.1100000,75.7900000,73.6200000,75.5100000,101708
J2TX.FUTBRENTCONT,D,20211223,000000,75.5200000,77.0000000,74.7800000,76.3700000,102864
J2TX.FUTBRENTCONT,D,20211224,000000,76.3700000,76.7900000,75.7500000,75.8600000,16782
J2TX.FUTBRENTCONT,D,20211226,000000,76.0700000,76.2500000,75.8500000,76.1000000,1585
J2TX.FUTBRENTCONT,D,20211227,000000,76.0500000,78.6800000,75.3800000,78.6200000,86313
J2TX.FUTBRENTCONT,D,20211228,000000,78.3200000,79.4800000,78.0600000,78.8200000,98146
J2TX.FUTBRENTCONT,D,20211229,000000,78.9300000,80.0300000,78.1000000,79.2000000,151383
J2TX.FUTBRENTCONT,D,20211230,000000,79.0600000,80.0200000,78.4100000,79.1400000,126433
J2TX.FUTBRENTCONT,D,20211231,000000,78.8100000,79.6800000,77.5500000,77.9400000,107480
J2TX.FUTBRENTCONT,D,20220102,000000,78.1100000,78.4900000,78.0300000,78.4000000,1321
J2TX.FUTBRENTCONT,D,20220103,000000,78.3900000,79.2800000,77.0400000,78.9100000,127231
J2TX.FUTBRENTCONT,D,20220104,000000,78.9100000,80.5500000,78.6200000,80.1600000,166250
J2TX.FUTBRENTCONT,D,20220105,000000,80.0700000,81.5000000,79.5100000,80.2400000,169933
J2TX.FUTBRENTCONT,D,20220106,000000,80.2200000,82.8300000,79.6100000,81.9800000,197269
J2TX.FUTBRENTCONT,D,20220107,000000,82.0000000,83.0000000,81.4200000,81.9300000,172330
J2TX.FUTBRENTCONT,D,20220109,000000,81.7600000,81.9500000,81.2700000,81.4700000,1019
J2TX.FUTBRENTCONT,D,20220110,000000,81.4900000,82.3000000,80.5000000,81.0000000,169401
J2TX.FUTBRENTCONT,D,20220111,000000,81.0800000,83.9800000,80.8900000,83.7500000,189869
J2TX.FUTBRENTCONT,D,20220112,000000,83.7800000,85.2100000,83.5200000,84.8400000,174378
J2TX.FUTBRENTCONT,D,20220113,000000,84.8700000,85.1000000,83.7900000,84.1100000,147392
J2TX.FUTBRENTCONT,D,20220114,000000,84.1200000,86.5000000,83.9900000,86.4700000,186941
J2TX.FUTBRENTCONT,D,20220116,000000,86.1500000,86.7100000,86.1500000,86.5400000,2569
J2TX.FUTBRENTCONT,D,20220117,000000,86.5400000,86.7000000,85.5400000,86.5300000,88405
J2TX.FUTBRENTCONT,D,20220118,000000,86.4700000,88.6600000,86.4400000,88.5700000,196581
J2TX.FUTBRENTCONT,D,20220119,000000,88.6500000,89.1700000,87.6100000,87.7200000,189459
J2TX.FUTBRENTCONT,D,20220120,000000,87.8900000,89.5000000,87.0500000,87.4800000,171278
J2TX.FUTBRENTCONT,D,20220121,000000,86.7500000,88.2300000,85.7100000,87.9000000,184708
J2TX.FUTBRENTCONT,D,20220123,000000,87.9300000,88.6500000,87.6500000,88.6400000,2169
J2TX.FUTBRENTCONT,D,20220124,000000,88.6400000,88.9000000,85.0400000,87.1700000,210678
J2TX.FUTBRENTCONT,D,20220125,000000,86.7600000,88.3700000,86.2000000,88.0800000,146202
J2TX.FUTBRENTCONT,D,20220126,000000,87.9500000,89.2700000,87.6500000,88.5300000,149103
J2TX.FUTBRENTCONT,D,20220127,000000,88.5000000,89.7400000,87.7900000,88.8800000,198602
J2TX.FUTBRENTCONT,D,20220128,000000,88.8100000,90.2700000,88.1500000,88.8800000,231813
J2TX.FUTBRENTCONT,D,20220130,000000,89.2000000,89.4600000,89.2000000,89.3800000,1179
J2TX.FUTBRENTCONT,D,20220131,000000,89.3800000,89.8000000,88.0900000,89.3100000,168838
J2TX.FUTBRENTCONT,D,20220201,000000,89.6200000,89.9600000,87.7200000,89.2900000,169124
J2TX.FUTBRENTCONT,D,20220202,000000,89.4800000,90.5200000,88.2800000,89.3400000,204574
J2TX.FUTBRENTCONT,D,20220203,000000,89.0700000,91.3000000,88.0200000,91.0700000,192107
J2TX.FUTBRENTCONT,D,20220204,000000,91.3000000,93.7000000,91.2000000,92.5200000,200655
J2TX.FUTBRENTCONT,D,20220206,000000,92.7500000,93.1200000,92.4700000,92.9500000,3870
J2TX.FUTBRENTCONT,D,20220207,000000,92.9300000,94.0000000,92.1300000,92.9500000,177932
J2TX.FUTBRENTCONT,D,20220208,000000,92.6300000,92.9300000,89.9300000,91.3200000,237602
J2TX.FUTBRENTCONT,D,20220209,000000,91.0800000,92.0900000,90.0500000,91.8000000,182654
J2TX.FUTBRENTCONT,D,20220210,000000,91.7500000,93.1000000,90.8800000,91.4500000,225173
J2TX.FUTBRENTCONT,D,20220211,000000,91.1700000,95.6600000,90.5100000,95.1000000,258599
J2TX.FUTBRENTCONT,D,20220213,000000,95.2000000,95.5200000,94.7500000,95.4300000,5892
J2TX.FUTBRENTCONT,D,20220214,000000,95.4300000,96.7800000,93.4400000,95.8500000,252925
J2TX.FUTBRENTCONT,D,20220215,000000,95.8100000,96.2600000,92.0600000,93.5000000,266815
J2TX.FUTBRENTCONT,D,20220216,000000,93.4900000,96.0700000,91.1100000,92.1000000,260706
J2TX.FUTBRENTCONT,D,20220217,000000,92.2000000,94.5000000,92.1400000,92.9400000,235073
J2TX.FUTBRENTCONT,D,20220218,000000,92.7300000,94.1500000,90.1200000,93.6100000,234629
J2TX.FUTBRENTCONT,D,20220220,000000,94.2900000,95.0000000,94.1800000,94.7300000,3234
J2TX.FUTBRENTCONT,D,20220221,000000,94.7400000,97.4000000,92.5700000,97.3500000,149451
J2TX.FUTBRENTCONT,D,20220222,000000,96.5500000,99.5000000,95.8000000,96.5000000,207858
J2TX.FUTBRENTCONT,D,20220223,000000,96.6500000,98.7100000,95.8100000,97.5400000,143194
J2TX.FUTBRENTCONT,D,20220224,000000,98.0800000,105.7900000,97.5600000,99.4100000,92935
J2TX.FUTBRENTCONT,D,20220225,000000,100.6900000,101.9900000,96.0000000,98.5700000,27890
J2TX.FUTBRENTCONT,D,20220227,000000,96.3400000,101.2800000,96.3400000,99.3600000,19731
J2TX.FUTBRENTCONT,D,20220228,000000,99.3900000,100.1500000,97.0200000,98.1200000,248494
J2TX.FUTBRENTCONT,D,20220301,000000,98.4300000,107.6700000,98.3000000,107.6500000,332679
J2TX.FUTBRENTCONT,D,20220302,000000,107.3400000,115.1100000,106.8300000,114.5400000,340139
J2TX.FUTBRENTCONT,D,20220303,000000,115.2700000,119.8400000,109.4000000,110.4400000,320519
J2TX.FUTBRENTCONT,D,20220304,000000,114.2300000,118.9800000,109.6200000,118.0500000,220128
J2TX.FUTBRENTCONT,D,20220306,000000,122.7900000,139.1300000,122.7900000,130.1400000,14535
J2TX.FUTBRENTCONT,D,20220307,000000,130.2300000,130.7500000,119.0400000,124.3700000,269650
J2TX.FUTBRENTCONT,D,20220308,000000,124.5600000,133.1500000,121.3100000,129.4700000,321357
J2TX.FUTBRENTCONT,D,20220309,000000,130.2800000,131.6400000,105.6000000,112.5100000,347012
J2TX.FUTBRENTCONT,D,20220310,000000,112.6500000,118.3600000,109.0000000,109.1800000,224964
J2TX.FUTBRENTCONT,D,20220311,000000,110.2600000,113.9100000,107.1300000,112.1200000,181933
J2TX.FUTBRENTCONT,D,20220313,000000,113.1500000,113.1500000,110.1000000,110.9800000,4873
J2TX.FUTBRENTCONT,D,20220314,000000,110.8200000,110.9600000,103.4900000,106.0000000,175589
J2TX.FUTBRENTCONT,D,20220315,000000,105.3400000,105.7100000,97.4400000,98.7500000,215286
J2TX.FUTBRENTCONT,D,20220316,000000,99.1400000,103.7000000,96.9300000,98.0400000,173717
J2TX.FUTBRENTCONT,D,20220317,000000,98.6100000,107.5000000,97.7500000,107.0100000,133238
J2TX.FUTBRENTCONT,D,20220318,000000,106.8000000,109.5900000,105.7800000,108.2000000,110259
J2TX.FUTBRENTCONT,D,20220320,000000,107.5000000,109.5000000,107.0600000,109.3100000,1039
J2TX.FUTBRENTCONT,D,20220321,000000,109.3200000,116.8000000,109.3200000,116.4000000,122147
J2TX.FUTBRENTCONT,D,20220322,000000,117.0400000,119.4800000,112.6400000,114.5800000,131400
J2TX.FUTBRENTCONT,D,20220323,000000,114.7000000,122.3400000,114.4500000,121.5200000,131957
J2TX.FUTBRENTCONT,D,20220324,000000,121.5600000,123.7400000,116.9300000,118.2000000,105582
J2TX.FUTBRENTCONT,D,20220325,000000,118.8800000,120.9200000,115.1600000,119.9800000,73408
J2TX.FUTBRENTCONT,D,20220327,000000,115.7900000,116.0300000,113.0000000,114.1200000,3825
J2TX.FUTBRENTCONT,D,20220328,000000,114.0900000,114.8200000,106.0600000,106.6000000,183379
J2TX.FUTBRENTCONT,D,20220329,000000,107.2100000,111.8000000,102.1900000,108.5600000,230507
J2TX.FUTBRENTCONT,D,20220330,000000,109.6000000,112.2800000,107.9300000,111.0000000,136387
J2TX.FUTBRENTCONT,D,20220331,000000,110.9900000,111.1600000,104.0600000,105.6500000,212910
J2TX.FUTBRENTCONT,D,20220401,000000,105.2500000,106.2400000,102.3500000,104.7500000,137968
J2TX.FUTBRENTCONT,D,20220403,000000,104.0800000,104.3100000,102.8900000,103.5400000,2374
J2TX.FUTBRENTCONT,D,20220404,000000,103.4900000,108.6800000,103.0700000,107.9800000,126449
J2TX.FUTBRENTCONT,D,20220405,000000,108.5100000,109.9000000,104.5300000,105.6800000,131302
J2TX.FUTBRENTCONT,D,20220406,000000,105.7000000,108.6700000,100.5400000,101.6500000,181454
J2TX.FUTBRENTCONT,D,20220407,000000,101.7800000,103.5900000,98.4100000,101.4100000,172293
J2TX.FUTBRENTCONT,D,20220408,000000,101.4200000,103.3000000,99.6500000,102.4000000,129545
J2TX.FUTBRENTCONT,D,20220410,000000,103.2100000,103.3000000,101.1700000,101.2800000,989
J2TX.FUTBRENTCONT,D,20220411,000000,101.2500000,101.6900000,97.5700000,99.3500000,123292
J2TX.FUTBRENTCONT,D,20220412,000000,99.3500000,105.6000000,98.9000000,104.9300000,162778
J2TX.FUTBRENTCONT,D,20220413,000000,105.4400000,109.0000000,104.0600000,108.8800000,134100
J2TX.FUTBRENTCONT,D,20220414,000000,108.2900000,112.3900000,106.6300000,111.6600000,133803
J2TX.FUTBRENTCONT,D,20220417,000000,112.3200000,113.7000000,112.0000000,113.2000000,3977
J2TX.FUTBRENTCONT,D,20220418,000000,113.1900000,114.8400000,110.7100000,112.8400000,75596
J2TX.FUTBRENTCONT,D,20220419,000000,112.8500000,114.2100000,106.7400000,107.6000000,146196
J2TX.FUTBRENTCONT,D,20220420,000000,108.1000000,109.0000000,104.6500000,107.2300000,128139
J2TX.FUTBRENTCONT,D,20220421,000000,107.0700000,109.8000000,106.7600000,108.8300000,104002
J2TX.FUTBRENTCONT,D,20220422,000000,108.2600000,108.7600000,105.5400000,106.2000000,67142
J2TX.FUTBRENTCONT,D,20220424,000000,105.4900000,105.8500000,104.6100000,105.0800000,1910
J2TX.FUTBRENTCONT,D,20220425,000000,104.8600000,105.3700000,99.4800000,102.6300000,76735
J2TX.FUTBRENTCONT,D,20220426,000000,102.5300000,105.8100000,101.0800000,104.8700000,128158
J2TX.FUTBRENTCONT,D,20220427,000000,105.0600000,105.9800000,103.0000000,104.9400000,133511
J2TX.FUTBRENTCONT,D,20220428,000000,104.7700000,107.7100000,102.9000000,107.1200000,171863
J2TX.FUTBRENTCONT,D,20220429,000000,107.0700000,110.0000000,106.0800000,106.0800000,173634
J2TX.FUTBRENTCONT,D,20220501,000000,106.3000000,107.4200000,105.4800000,106.9100000,2498
J2TX.FUTBRENTCONT,D,20220502,000000,106.9900000,108.4600000,103.1000000,107.6400000,103786
J2TX.FUTBRENTCONT,D,20220503,000000,107.6100000,108.3200000,104.6200000,105.9400000,113028
J2TX.FUTBRENTCONT,D,20220504,000000,105.9100000,111.0000000,105.4600000,110.2200000,146625
J2TX.FUTBRENTCONT,D,20220505,000000,110.5500000,114.0000000,109.2000000,111.0600000,163520
J2TX.FUTBRENTCONT,D,20220506,000000,111.2700000,113.5000000,109.8700000,113.2200000,138031
J2TX.FUTBRENTCONT,D,20220508,000000,112.9400000,113.1500000,111.4900000,111.8400000,1233
J2TX.FUTBRENTCONT,D,20220509,000000,111.8500000,113.2000000,105.0000000,105.2500000,182281
J2TX.FUTBRENTCONT,D,20220510,000000,105.5000000,106.9600000,101.5400000,101.6000000,189260
J2TX.FUTBRENTCONT,D,20220511,000000,101.5100000,108.2900000,101.3000000,107.5100000,170929
J2TX.FUTBRENTCONT,D,20220512,000000,107.6700000,108.7100000,104.6900000,107.9200000,150968
J2TX.FUTBRENTCONT,D,20220513,000000,108.2500000,111.6900000,107.7900000,111.2200000,127967
J2TX.FUTBRENTCONT,D,20220515,000000,111.6700000,112.4900000,111.4400000,112.4100000,3174
J2TX.FUTBRENTCONT,D,20220516,000000,112.3900000,114.7900000,108.8400000,114.0300000,132500
J2TX.FUTBRENTCONT,D,20220517,000000,114.4200000,115.6900000,111.0900000,112.8300000,161268
J2TX.FUTBRENTCONT,D,20220518,000000,112.9100000,114.1500000,108.3500000,109.2500000,162611
J2TX.FUTBRENTCONT,D,20220519,000000,108.2200000,112.3100000,105.7000000,111.5000000,178920
J2TX.FUTBRENTCONT,D,20220520,000000,111.4500000,113.2300000,110.5200000,112.9100000,94536
J2TX.FUTBRENTCONT,D,20220522,000000,112.8500000,112.9700000,111.9700000,112.7800000,636
J2TX.FUTBRENTCONT,D,20220523,000000,112.7100000,114.3400000,111.8600000,113.4700000,99307
J2TX.FUTBRENTCONT,D,20220524,000000,112.7900000,114.6300000,111.7000000,113.8400000,103290
J2TX.FUTBRENTCONT,D,20220525,000000,114.1200000,115.3000000,113.0100000,114.5000000,76601
J2TX.FUTBRENTCONT,D,20220526,000000,114.3500000,114.9900000,111.2000000,114.4600000,110592
J2TX.FUTBRENTCONT,D,20220527,000000,114.3700000,115.8000000,113.1200000,115.3200000,136064
J2TX.FUTBRENTCONT,D,20220529,000000,115.4700000,116.2600000,115.3200000,116.0800000,1876
J2TX.FUTBRENTCONT,D,20220530,000000,116.0700000,117.9400000,115.8800000,117.7000000,78818
J2TX.FUTBRENTCONT,D,20220531,000000,118.2000000,120.8000000,115.1500000,116.2700000,241109
J2TX.FUTBRENTCONT,D,20220601,000000,116.0800000,118.5700000,115.4000000,115.9000000,143773
J2TX.FUTBRENTCONT,D,20220602,000000,115.0200000,118.4600000,112.4500000,118.2900000,141318
J2TX.FUTBRENTCONT,D,20220603,000000,118.2200000,121.4500000,116.0200000,121.0800000,94619
J2TX.FUTBRENTCONT,D,20220605,000000,121.5500000,121.9500000,121.2000000,121.2500000,1950
J2TX.FUTBRENTCONT,D,20220606,000000,121.2500000,121.4900000,118.7700000,119.9900000,127088
J2TX.FUTBRENTCONT,D,20220607,000000,119.9400000,121.3700000,118.5500000,121.0000000,160053
J2TX.FUTBRENTCONT,D,20220608,000000,120.6500000,124.4000000,120.4500000,123.9400000,161152
J2TX.FUTBRENTCONT,D,20220609,000000,123.6000000,124.3400000,122.5000000,122.9300000,133115
J2TX.FUTBRENTCONT,D,20220610,000000,122.8900000,124.3300000,119.8100000,121.9300000,180008
J2TX.FUTBRENTCONT,D,20220612,000000,121.9400000,121.9400000,120.0000000,120.1800000,2821
J2TX.FUTBRENTCONT,D,20220613,000000,120.2100000,123.7000000,118.9300000,122.3600000,162828
J2TX.FUTBRENTCONT,D,20220614,000000,121.8800000,125.1900000,118.9100000,121.0900000,174500
J2TX.FUTBRENTCONT,D,20220615,000000,120.7900000,121.8800000,117.7500000,118.9800000,142637
J2TX.FUTBRENTCONT,D,20220616,000000,119.6500000,120.2900000,115.5600000,119.0300000,163422
J2TX.FUTBRENTCONT,D,20220617,000000,119.1300000,121.2500000,111.7200000,113.6100000,220010
J2TX.FUTBRENTCONT,D,20220619,000000,113.8800000,114.3800000,113.5100000,113.9500000,1125
J2TX.FUTBRENTCONT,D,20220620,000000,113.9900000,114.5000000,111.5200000,114.2100000,97455
J2TX.FUTBRENTCONT,D,20220621,000000,114.2100000,116.2500000,114.0200000,114.8900000,117103
J2TX.FUTBRENTCONT,D,20220622,000000,114.4000000,114.4500000,107.0300000,110.0300000,184541
J2TX.FUTBRENTCONT,D,20220623,000000,109.5800000,112.7000000,108.0400000,109.8300000,106153
J2TX.FUTBRENTCONT,D,20220624,000000,110.0400000,114.0000000,109.2400000,113.1900000,73948
J2TX.FUTBRENTCONT,D,20220626,000000,109.0000000,109.0000000,107.3700000,107.9700000,1282
J2TX.FUTBRENTCONT,D,20220627,000000,108.0200000,111.8900000,107.1500000,111.2100000,135878
J2TX.FUTBRENTCONT,D,20220628,000000,111.5700000,114.1000000,111.4800000,114.0000000,125576
J2TX.FUTBRENTCONT,D,20220629,000000,113.9300000,116.2400000,111.7400000,112.3000000,160109
J2TX.FUTBRENTCONT,D,20220630,000000,112.4500000,113.2500000,108.1900000,109.2000000,197737
J2TX.FUTBRENTCONT,D,20220701,000000,109.4900000,112.4500000,108.0300000,111.4800000,151289
J2TX.FUTBRENTCONT,D,20220703,000000,111.6500000,111.9400000,111.2800000,111.3400000,626
J2TX.FUTBRENTCONT,D,20220704,000000,111.3200000,114.0000000,110.4000000,113.8300000,69977
J2TX.FUTBRENTCONT,D,20220705,000000,113.5400000,114.7500000,101.1000000,104.8000000,306858
J2TX.FUTBRENTCONT,D,20220706,000000,104.8800000,105.8500000,98.5000000,99.8000000,240657
J2TX.FUTBRENTCONT,D,20220707,000000,100.1400000,106.3500000,98.5000000,104.1000000,192940
J2TX.FUTBRENTCONT,D,20220708,000000,104.6500000,107.4700000,103.6700000,107.1500000,151819
J2TX.FUTBRENTCONT,D,20220710,000000,107.0000000,107.0700000,106.2000000,106.8900000,1017
J2TX.FUTBRENTCONT,D,20220711,000000,106.9200000,107.7000000,103.6400000,106.4100000,122092
J2TX.FUTBRENTCONT,D,20220712,000000,106.2500000,106.5600000,98.9000000,99.2200000,174875
J2TX.FUTBRENTCONT,D,20220713,000000,98.5000000,101.2100000,98.2800000,99.8500000,156779
J2TX.FUTBRENTCONT,D,20220714,000000,99.4300000,100.3900000,94.5000000,99.7100000,185569
J2TX.FUTBRENTCONT,D,20220715,000000,99.9100000,102.6400000,98.1700000,101.1300000,134325
J2TX.FUTBRENTCONT,D,20220717,000000,100.8200000,101.5000000,100.7200000,100.8400000,664
J2TX.FUTBRENTCONT,D,20220718,000000,100.8100000,106.4800000,99.4600000,105.6900000,133366
J2TX.FUTBRENTCONT,D,20220719,000000,105.7400000,107.6100000,103.6000000,107.2700000,124619
J2TX.FUTBRENTCONT,D,20220720,000000,107.0700000,107.4500000,105.0800000,106.6100000,99135
J2TX.FUTBRENTCONT,D,20220721,000000,106.4900000,106.7800000,101.5000000,103.8900000,132533
J2TX.FUTBRENTCONT,D,20220722,000000,103.8600000,105.7200000,101.9000000,103.6100000,74365
J2TX.FUTBRENTCONT,D,20220724,000000,103.4200000,104.2100000,103.4100000,103.5400000,266
J2TX.FUTBRENTCONT,D,20220725,000000,103.5200000,105.3800000,101.6400000,104.8900000,52227
J2TX.FUTBRENTCONT,D,20220726,000000,104.8000000,107.3400000,99.0500000,99.7200000,99935
J2TX.FUTBRENTCONT,D,20220727,000000,99.8300000,102.8800000,98.8500000,102.3300000,136228
J2TX.FUTBRENTCONT,D,20220728,000000,102.3500000,104.2000000,100.9700000,102.4000000,164858
J2TX.FUTBRENTCONT,D,20220729,000000,102.6900000,106.5000000,101.6400000,104.0000000,167292
J2TX.FUTBRENTCONT,D,20220731,000000,103.9200000,104.0400000,103.0500000,103.4100000,1206
J2TX.FUTBRENTCONT,D,20220801,000000,103.4400000,104.4300000,99.0900000,99.9300000,172604
J2TX.FUTBRENTCONT,D,20220802,000000,99.8700000,102.4100000,98.4900000,99.9200000,148906
J2TX.FUTBRENTCONT,D,20220803,000000,99.7300000,102.4100000,96.5000000,97.1000000,193318
J2TX.FUTBRENTCONT,D,20220804,000000,97.1000000,97.6600000,93.2000000,93.6000000,178822
J2TX.FUTBRENTCONT,D,20220805,000000,93.6500000,96.4000000,92.7800000,94.6600000,133860
J2TX.FUTBRENTCONT,D,20220807,000000,94.5100000,94.5100000,93.7400000,93.9900000,1250
J2TX.FUTBRENTCONT,D,20220808,000000,94.0200000,96.8200000,93.0100000,96.5200000,130956
J2TX.FUTBRENTCONT,D,20220809,000000,96.3600000,98.4000000,94.9000000,96.5300000,136339
J2TX.FUTBRENTCONT,D,20220810,000000,96.3400000,97.9700000,93.6300000,97.0600000,145889
J2TX.FUTBRENTCONT,D,20220811,000000,97.0400000,100.1700000,96.6300000,99.4200000,122173
J2TX.FUTBRENTCONT,D,20220812,000000,99.3300000,100.3800000,96.9400000,98.0100000,114415
J2TX.FUTBRENTCONT,D,20220814,000000,97.7200000,98.1700000,97.6000000,97.6000000,255
J2TX.FUTBRENTCONT,D,20220815,000000,97.6000000,98.0600000,92.7800000,93.4700000,146412
J2TX.FUTBRENTCONT,D,20220816,000000,94.0100000,95.9500000,91.7100000,92.7600000,144498
J2TX.FUTBRENTCONT,D,20220817,000000,92.6700000,94.4800000,91.5100000,93.0500000,126399
J2TX.FUTBRENTCONT,D,20220818,000000,93.2900000,97.4200000,93.0500000,96.5800000,119380
J2TX.FUTBRENTCONT,D,20220819,000000,96.6800000,97.8800000,94.2500000,96.0900000,111886
J2TX.FUTBRENTCONT,D,20220821,000000,95.9500000,95.9500000,95.4300000,95.7100000,371
J2TX.FUTBRENTCONT,D,20220822,000000,95.6600000,97.2800000,92.3600000,96.6900000,132067
J2TX.FUTBRENTCONT,D,20220823,000000,96.7800000,100.4500000,96.5300000,100.1500000,130534
J2TX.FUTBRENTCONT,D,20220824,000000,100.1900000,101.9000000,99.1000000,101.7300000,120618
J2TX.FUTBRENTCONT,D,20220825,000000,101.7300000,102.4700000,99.1200000,99.8300000,94881
J2TX.FUTBRENTCONT,D,20220826,000000,99.8300000,100.9400000,96.9600000,98.9000000,113798
J2TX.FUTBRENTCONT,D,20220828,000000,98.9600000,99.2500000,98.2500000,98.8700000,1302
J2TX.FUTBRENTCONT,D,20220829,000000,98.9100000,103.2200000,98.7800000,102.9500000,130646
J2TX.FUTBRENTCONT,D,20220830,000000,102.8800000,103.4800000,96.6300000,98.4700000,216406
J2TX.FUTBRENTCONT,D,20220831,000000,98.3300000,99.0000000,94.4000000,94.9600000,185550
J2TX.FUTBRENTCONT,D,20220901,000000,95.1800000,95.6800000,91.8100000,92.1700000,190815
J2TX.FUTBRENTCONT,D,20220902,000000,92.6600000,95.3200000,92.6500000,93.2800000,146356
J2TX.FUTBRENTCONT,D,20220904,000000,93.0200000,94.5800000,93.0200000,94.5300000,1488
J2TX.FUTBRENTCONT,D,20220905,000000,94.5500000,96.9900000,94.2200000,95.2300000,96454
J2TX.FUTBRENTCONT,D,20220906,000000,95.1900000,95.9400000,92.3000000,92.8500000,155123
J2TX.FUTBRENTCONT,D,20220907,000000,92.8100000,93.8000000,87.4000000,87.7100000,206587
J2TX.FUTBRENTCONT,D,20220908,000000,87.7000000,89.8300000,87.2400000,88.6100000,131529
J2TX.FUTBRENTCONT,D,20220909,000000,88.6200000,93.1200000,88.6000000,92.4200000,123239
J2TX.FUTBRENTCONT,D,20220911,000000,92.5400000,92.8000000,92.2700000,92.4800000,790
J2TX.FUTBRENTCONT,D,20220912,000000,92.4800000,95.1700000,91.2100000,94.2600000,119702
J2TX.FUTBRENTCONT,D,20220913,000000,94.3100000,95.5300000,91.0500000,93.5500000,162847
J2TX.FUTBRENTCONT,D,20220914,000000,93.4000000,95.8000000,91.9300000,94.6400000,153832
J2TX.FUTBRENTCONT,D,20220915,000000,94.6500000,94.6600000,90.0300000,90.8000000,156656
J2TX.FUTBRENTCONT,D,20220916,000000,90.5100000,92.6600000,90.2500000,91.5700000,120084
J2TX.FUTBRENTCONT,D,20220918,000000,91.4300000,92.0500000,91.3400000,91.9300000,665
J2TX.FUTBRENTCONT,D,20220919,000000,91.9800000,92.5700000,88.5000000,91.7300000,96953
J2TX.FUTBRENTCONT,D,20220920,000000,92.1500000,93.0500000,89.8000000,90.8700000,113394
J2TX.FUTBRENTCONT,D,20220921,000000,90.7400000,93.5000000,89.3000000,90.0000000,148704
J2TX.FUTBRENTCONT,D,20220922,000000,89.9900000,92.8100000,89.3000000,90.3300000,107260
J2TX.FUTBRENTCONT,D,20220923,000000,90.4600000,90.8400000,85.5000000,86.6500000,102613
J2TX.FUTBRENTCONT,D,20220925,000000,86.6200000,86.9100000,86.3700000,86.8900000,343
J2TX.FUTBRENTCONT,D,20220926,000000,86.9200000,87.4200000,82.4400000,82.7200000,127004
J2TX.FUTBRENTCONT,D,20220927,000000,82.8400000,85.8400000,82.8100000,84.4300000,128739
J2TX.FUTBRENTCONT,D,20220928,000000,84.8300000,88.2200000,82.9400000,87.9300000,159345
J2TX.FUTBRENTCONT,D,20220929,000000,87.6200000,88.7400000,86.1500000,87.4600000,147988
J2TX.FUTBRENTCONT,D,20220930,000000,87.5500000,88.6400000,85.0000000,85.5700000,163812
J2TX.FUTBRENTCONT,D,20221002,000000,86.3500000,88.0000000,86.3500000,87.9500000,4170
J2TX.FUTBRENTCONT,D,20221003,000000,87.9500000,89.8200000,87.1000000,88.7000000,163515
J2TX.FUTBRENTCONT,D,20221004,000000,88.8100000,92.4000000,88.7800000,91.7600000,166744
J2TX.FUTBRENTCONT,D,20221005,000000,91.8900000,93.9600000,90.7600000,93.7900000,175178
J2TX.FUTBRENTCONT,D,20221006,000000,93.7100000,94.9800000,92.7200000,94.9200000,130293
J2TX.FUTBRENTCONT,D,20221007,000000,94.7100000,98.5800000,93.9400000,98.4500000,153172
J2TX.FUTBRENTCONT,D,20221009,000000,98.7500000,98.7500000,97.6400000,97.9200000,1146
J2TX.FUTBRENTCONT,D,20221010,000000,97.9400000,98.6700000,95.6000000,96.0700000,124789
J2TX.FUTBRENTCONT,D,20221011,000000,95.9300000,96.4600000,93.1100000,93.8000000,156273
J2TX.FUTBRENTCONT,D,20221012,000000,93.7200000,95.0700000,91.5800000,92.4100000,61434
J2TX.FUTBRENTCONT,D,20221013,000000,92.4900000,94.9200000,91.0800000,94.6900000,154181
J2TX.FUTBRENTCONT,D,20221014,000000,94.5300000,95.1100000,91.2800000,91.4600000,124906
J2TX.FUTBRENTCONT,D,20221016,000000,91.7100000,92.4000000,91.5000000,92.3300000,768
J2TX.FUTBRENTCONT,D,20221017,000000,92.3300000,93.2100000,90.8300000,91.9800000,111446
J2TX.FUTBRENTCONT,D,20221018,000000,91.9900000,92.6600000,88.7700000,90.6400000,171795
J2TX.FUTBRENTCONT,D,20221019,000000,90.7900000,92.8500000,89.3200000,92.5700000,139106
J2TX.FUTBRENTCONT,D,20221020,000000,92.4000000,94.7700000,91.9100000,92.7300000,127208
J2TX.FUTBRENTCONT,D,20221021,000000,92.4500000,93.8000000,91.0000000,93.6000000,114260
J2TX.FUTBRENTCONT,D,20221023,000000,93.5900000,94.0100000,93.5600000,93.7400000,833
J2TX.FUTBRENTCONT,D,20221024,000000,93.7900000,94.4000000,91.2200000,93.4500000,90046
J2TX.FUTBRENTCONT,D,20221025,000000,93.4700000,94.3800000,91.6200000,93.0600000,84085
J2TX.FUTBRENTCONT,D,20221026,000000,92.9100000,94.3000000,91.7100000,94.1500000,121208
J2TX.FUTBRENTCONT,D,20221027,000000,94.1500000,95.3000000,93.1800000,94.7300000,137237
J2TX.FUTBRENTCONT,D,20221028,000000,94.6100000,94.9000000,93.0200000,94.1600000,143715
J2TX.FUTBRENTCONT,D,20221030,000000,94.4300000,94.4800000,94.0400000,94.1900000,520
J2TX.FUTBRENTCONT,D,20221031,000000,94.2100000,94.3600000,91.4600000,92.8500000,192208
J2TX.FUTBRENTCONT,D,20221101,000000,92.6700000,95.5500000,92.3300000,94.7700000,160858
J2TX.FUTBRENTCONT,D,20221102,000000,94.8500000,96.5000000,93.8400000,95.5200000,167441
J2TX.FUTBRENTCONT,D,20221103,000000,95.3600000,95.9800000,93.5600000,94.5500000,132210
J2TX.FUTBRENTCONT,D,20221104,000000,94.5800000,98.8100000,92.7300000,98.7500000,192170
J2TX.FUTBRENTCONT,D,20221106,000000,97.3100000,97.3200000,96.5000000,96.8600000,2703
J2TX.FUTBRENTCONT,D,20221107,000000,96.8700000,99.5600000,95.8000000,97.9300000,139969
J2TX.FUTBRENTCONT,D,20221108,000000,98.2400000,98.3000000,95.0000000,95.0500000,147238
J2TX.FUTBRENTCONT,D,20221109,000000,95.1700000,95.6500000,92.3300000,92.4700000,183000
J2TX.FUTBRENTCONT,D,20221110,000000,92.5300000,94.3200000,91.0700000,93.3400000,163758
J2TX.FUTBRENTCONT,D,20221111,000000,93.8400000,96.9200000,92.2100000,95.7600000,147760
J2TX.FUTBRENTCONT,D,20221113,000000,95.8700000,96.8500000,95.8000000,96.8100000,1011
J2TX.FUTBRENTCONT,D,20221114,000000,96.8000000,96.9500000,91.2800000,92.5000000,147514
J2TX.FUTBRENTCONT,D,20221115,000000,92.5900000,95.7700000,91.5300000,93.7700000,178576
J2TX.FUTBRENTCONT,D,20221116,000000,94.1100000,94.7900000,91.6700000,92.6100000,150640
J2TX.FUTBRENTCONT,D,20221117,000000,92.7300000,92.9100000,89.1100000,90.0200000,173274
J2TX.FUTBRENTCONT,D,20221118,000000,90.1000000,90.6300000,85.8000000,87.7400000,206661
J2TX.FUTBRENTCONT,D,20221120,000000,87.7400000,87.9800000,87.4400000,87.7600000,718
J2TX.FUTBRENTCONT,D,20221121,000000,87.7600000,87.8600000,82.3100000,87.7900000,219569
J2TX.FUTBRENTCONT,D,20221122,000000,87.7600000,89.9000000,87.0500000,88.3500000,100521
J2TX.FUTBRENTCONT,D,20221123,000000,88.4700000,89.5600000,84.1200000,84.6500000,118804
J2TX.FUTBRENTCONT,D,20221124,000000,85.0400000,85.5400000,83.9000000,85.1200000,40936
J2TX.FUTBRENTCONT,D,20221125,000000,85.5000000,86.8700000,83.5900000,83.9100000,44706
J2TX.FUTBRENTCONT,D,20221127,000000,84.0000000,84.0000000,83.1800000,83.4400000,2096
J2TX.FUTBRENTCONT,D,20221128,000000,83.4400000,84.6700000,80.8100000,83.2400000,170631
J2TX.FUTBRENTCONT,D,20221129,000000,83.2100000,86.7200000,83.1900000,84.9400000,182869
J2TX.FUTBRENTCONT,D,20221130,000000,84.9000000,87.3900000,84.4500000,86.6400000,155369
J2TX.FUTBRENTCONT,D,20221201,000000,86.7800000,89.3700000,86.2600000,87.2600000,140934
J2TX.FUTBRENTCONT,D,20221202,000000,86.9000000,87.9100000,85.1600000,85.4200000,123075
J2TX.FUTBRENTCONT,D,20221204,000000,85.7300000,87.0100000,85.5000000,86.8900000,3283
J2TX.FUTBRENTCONT,D,20221205,000000,86.9100000,88.4400000,82.5200000,83.0000000,152713
J2TX.FUTBRENTCONT,D,20221206,000000,83.2800000,83.6900000,78.7000000,79.7200000,205189
J2TX.FUTBRENTCONT,D,20221207,000000,79.7600000,80.4900000,76.9100000,77.3900000,185126
J2TX.FUTBRENTCONT,D,20221208,000000,77.4600000,79.1700000,75.7400000,76.5100000,163525
J2TX.FUTBRENTCONT,D,20221209,000000,76.6300000,77.4800000,75.1100000,76.8200000,107792
J2TX.FUTBRENTCONT,D,20221211,000000,76.8800000,77.3500000,76.7500000,76.9600000,742
J2TX.FUTBRENTCONT,D,20221212,000000,76.9900000,78.5900000,75.2600000,78.0200000,131214
J2TX.FUTBRENTCONT,D,20221213,000000,78.1300000,81.2800000,78.1000000,80.8900000,130810
J2TX.FUTBRENTCONT,D,20221214,000000,80.5700000,83.1500000,80.3800000,82.8000000,126243
J2TX.FUTBRENTCONT,D,20221215,000000,82.7600000,83.1800000,80.8300000,81.4500000,122136
J2TX.FUTBRENTCONT,D,20221216,000000,81.3200000,81.7800000,78.2900000,79.2600000,144880
J2TX.FUTBRENTCONT,D,20221218,000000,79.2100000,79.7100000,79.0100000,79.6900000,671
J2TX.FUTBRENTCONT,D,20221219,000000,79.6500000,80.8700000,78.6000000,80.1000000,102526
J2TX.FUTBRENTCONT,D,20221220,000000,80.2500000,80.8900000,78.2800000,79.6800000,100531
J2TX.FUTBRENTCONT,D,20221221,000000,79.9400000,82.5200000,79.5500000,82.2800000,86064
J2TX.FUTBRENTCONT,D,20221222,000000,82.5200000,83.8500000,80.6700000,81.6900000,84692
J2TX.FUTBRENTCONT,D,20221223,000000,81.6900000,84.1200000,81.2900000,83.9700000,43715
J2TX.FUTBRENTCONT,D,20221227,000000,85.0000000,86.1000000,84.1900000,85.1600000,91826
J2TX.FUTBRENTCONT,D,20221228,000000,84.9200000,85.1500000,82.5100000,83.7700000,119495
J2TX.FUTBRENTCONT,D,20221229,000000,83.6300000,83.8400000,81.8500000,83.7300000,128873
